EP_UTILITY_STATEMENT_ID,EP_ACCOUNT_ID,EP_UTILITY_ACCOUNT_ID,UTILITY_ACCOUNT_NUMBER,UTILITY_NAME,SOLAR_PROJECT_NAME,SERVICE_END_DATE,APPLIED_CS_KWH,CS_CREDITS_USD,CONSUMPTION_CS_KWH,PRE_VNM_SERVICE_CHARGE,SOLAR_DEVELOPER_REMITTANCE_TOTAL_USD,STRIPE_DESTINATION_PAYMENT_ID,REMITTED_AT
21908882.0,2054148.0,2052210.0,0500298620,Baltimore Gas & Electric,White,2023-07-18 00:00:00,,65.21000000000001,,,61.95,py_1NXrSsKpjOcDqduzrTE1MVYT,2023-07-25 20:04:15.506
21539199.0,2054148.0,2052210.0,0500298620,Baltimore Gas & Electric,White,2023-06-16 00:00:00,,68.27,,,64.86,py_1NLXDnKpjOcDqduzmWCyiN7q,2023-06-21 20:01:44.309
22032488.0,1014994.0,1014660.0,2140429887,Baltimore Gas & Electric,White,2023-07-27 00:00:00,,48.18,,,45.77,py_1Na2OdKpjOcDqduzDIcuXQwP,2023-07-31 20:08:53.399
21639408.0,1014994.0,1014660.0,2140429887,Baltimore Gas & Electric,White,2023-06-27 00:00:00,,49.71,,,47.22,py_1NPA2DKpjOcDqduzpjlqLXhL,2023-07-01 20:04:46.628
21915320.0,1303235.0,1302918.0,9805500000,Baltimore Gas & Electric,White,2023-07-18 00:00:00,,44.19,,,41.980000000000004,py_1NYwslKpjOcDqduza0rSpYsv,2023-07-28 20:03:28.128
21915320.0,1303235.0,1302918.0,9805500000,Baltimore Gas & Electric,White,2023-07-18 00:00:00,,44.19,,,41.980000000000004,py_1NYwslKpjOcDqduza0rSpYsv,2023-07-28 20:03:28.128
21915320.0,1303235.0,1302918.0,9805500000,Baltimore Gas & Electric,White,2023-07-18 00:00:00,,44.19,,,41.980000000000004,,
21915320.0,1303235.0,1302918.0,9805500000,Baltimore Gas & Electric,White,2023-07-18 00:00:00,,44.19,,,41.980000000000004,,
21547966.0,1303235.0,1302918.0,9805500000,Baltimore Gas & Electric,White,2023-06-16 00:00:00,,37.29,,,35.43,py_1NNLcPKpjOcDqduztgIp3CoH,2023-06-26 20:02:38.361
21895002.0,1268291.0,1267974.0,2776095642,Baltimore Gas & Electric,White,2023-07-18 00:00:00,,50.79,,,48.25,py_1NXVCAKpjOcDqduzLkjhjGCb,2023-07-24 20:17:30.963
21534176.0,1268291.0,1267974.0,2776095642,Baltimore Gas & Electric,White,2023-06-16 00:00:00,,41.89,,,39.800000000000004,py_1NMGB6KpjOcDqduzvU4RxGlI,2023-06-23 20:01:57.462
21534176.0,1268291.0,1267974.0,2776095642,Baltimore Gas & Electric,White,2023-06-16 00:00:00,,41.89,,,39.800000000000004,py_1NMGB6KpjOcDqduzvU4RxGlI,2023-06-23 20:01:57.462
21534176.0,1268291.0,1267974.0,2776095642,Baltimore Gas & Electric,White,2023-06-16 00:00:00,,41.89,,,39.800000000000004,,
21534176.0,1268291.0,1267974.0,2776095642,Baltimore Gas & Electric,White,2023-06-16 00:00:00,,41.89,,,39.800000000000004,,
21943902.0,1320044.0,1319727.0,0511690000,Baltimore Gas & Electric,White,2023-07-20 00:00:00,,220.65,,,209.62,py_1NYwtkKpjOcDqduzP5Fh5O2J,2023-07-28 20:04:29.815
21556539.0,1320044.0,1319727.0,0511690000,Baltimore Gas & Electric,White,2023-06-20 00:00:00,,225.24,,,213.98000000000002,py_1NMcfBKpjOcDqduzQYHz3yEc,2023-06-24 20:02:30.717
21556593.0,1723600.0,1723280.0,2867069380,Baltimore Gas & Electric,White,2023-06-20 00:00:00,,220.34,,,209.32,py_1NMcfCKpjOcDqduz1BhwG2Ot,2023-06-24 20:02:31.226
21943949.0,1723600.0,1723280.0,2867069380,Baltimore Gas & Electric,White,2023-07-20 00:00:00,,260.07,,,247.07,py_1NXV4WKpjOcDqduzHZxRqY2M,2023-07-24 20:09:37.762
21572631.0,1320192.0,1319875.0,8175512000,Baltimore Gas & Electric,White,2023-06-21 00:00:00,,53.84,,,51.15,,
21572631.0,1320192.0,1319875.0,8175512000,Baltimore Gas & Electric,White,2023-06-21 00:00:00,,53.84,,,51.15,,
21572631.0,1320192.0,1319875.0,8175512000,Baltimore Gas & Electric,White,2023-06-21 00:00:00,,53.84,,,51.15,py_1NNi4iKpjOcDqduzpZeUYYy2,2023-06-27 20:01:21.258
21572631.0,1320192.0,1319875.0,8175512000,Baltimore Gas & Electric,White,2023-06-21 00:00:00,,53.84,,,51.15,py_1NNi4iKpjOcDqduzpZeUYYy2,2023-06-27 20:01:21.258
21956443.0,1320192.0,1319875.0,8175512000,Baltimore Gas & Electric,White,2023-07-21 00:00:00,,110.11,,,104.60000000000001,py_1Na2JaKpjOcDqduzyxKqKfmy,2023-07-31 20:03:39.471
22032510.0,1289123.0,1288806.0,6722892351,Baltimore Gas & Electric,White,2023-07-27 00:00:00,,185.81,,,176.52,py_1NbUAvKpjOcDqduz7TmwBWnW,2023-08-04 20:00:42.833
21639440.0,1289123.0,1288806.0,6722892351,Baltimore Gas & Electric,White,2023-06-27 00:00:00,,102.97,,,97.82000000000001,py_1NPA2ZKpjOcDqduzWZrXl0dY,2023-07-01 20:05:08.194
21572624.0,1320185.0,1319868.0,1622173019,Baltimore Gas & Electric,White,2023-06-21 00:00:00,,169.55,,,161.07,py_1NOKkDKpjOcDqduzs3O0t1zx,2023-06-29 13:18:46.235
21956438.0,1320185.0,1319868.0,1622173019,Baltimore Gas & Electric,White,2023-07-21 00:00:00,,215.27,,,204.51,py_1NZv0oKpjOcDqduzEZzLSGWp,2023-07-31 12:15:47.797
22032550.0,1311049.0,1310732.0,7521190000,Baltimore Gas & Electric,White,2023-07-27 00:00:00,,79.63,,,75.65,py_1Na2PWKpjOcDqduzvvUIzIzY,2023-07-31 20:09:47.108
21639503.0,1311049.0,1310732.0,7521190000,Baltimore Gas & Electric,White,2023-06-27 00:00:00,,69.51,,,66.03,py_1NPA2gKpjOcDqduzzk4m0ZcM,2023-07-01 20:05:15.764
21986207.0,1291980.0,1291663.0,0092510000,Baltimore Gas & Electric,White,2023-07-25 00:00:00,,131.8,,,125.21000000000001,py_1Nb2KWKpjOcDqduzr7WpsiNk,2023-08-03 14:16:45.648
21611985.0,1291980.0,1291663.0,0092510000,Baltimore Gas & Electric,White,2023-06-23 00:00:00,,98.96000000000001,,,94.01,py_1NPlchKpjOcDqduzDQeEqkQg,2023-07-03 12:12:56.685
21548017.0,2025644.0,2023739.0,1975264507,Baltimore Gas & Electric,White,2023-06-19 00:00:00,,118.61,,,112.68,py_1NMGBTKpjOcDqduzMl6mDZkX,2023-06-23 20:02:20.481
21915494.0,2025644.0,2023739.0,1975264507,Baltimore Gas & Electric,White,2023-07-19 00:00:00,,113.24000000000001,,,107.58,py_1NX8W8KpjOcDqduzJFW6Fffw,2023-07-23 20:04:37.502
21943865.0,1063808.0,1063493.0,2943200000,Baltimore Gas & Electric,White,2023-07-20 00:00:00,,55.54,,,52.76,py_1NXrWMKpjOcDqduz9QQLa8WR,2023-07-25 20:07:51.115
21556519.0,1063808.0,1063493.0,2943200000,Baltimore Gas & Electric,White,2023-06-20 00:00:00,,31.91,,,30.310000000000002,py_1NNLfVKpjOcDqduzvVHi2Lb7,2023-06-26 20:05:49.963
21556519.0,1063808.0,1063493.0,2943200000,Baltimore Gas & Electric,White,2023-06-20 00:00:00,,31.91,,,30.310000000000002,py_1NNLfVKpjOcDqduzvVHi2Lb7,2023-06-26 20:05:49.963
21556519.0,1063808.0,1063493.0,2943200000,Baltimore Gas & Electric,White,2023-06-20 00:00:00,,31.91,,,30.310000000000002,,
21556519.0,1063808.0,1063493.0,2943200000,Baltimore Gas & Electric,White,2023-06-20 00:00:00,,31.91,,,30.310000000000002,,
21895001.0,1311861.0,1311544.0,8386422812,Baltimore Gas & Electric,White,2023-07-18 00:00:00,,154.51,,,146.78,py_1NXVBZKpjOcDqduzSMLLemaE,2023-07-24 20:16:54.379
21534207.0,1311861.0,1311544.0,8386422812,Baltimore Gas & Electric,White,2023-06-16 00:00:00,,96.2,,,91.39,py_1NLXDbKpjOcDqduz56Dx8tGe,2023-06-21 20:01:32.862
21547935.0,924804.0,924467.0,6998481000,Baltimore Gas & Electric,White,2023-06-16 00:00:00,,95.59,,,90.81,py_1NNLceKpjOcDqduz52s28BN4,2023-06-26 20:02:52
21915255.0,924804.0,924467.0,6998481000,Baltimore Gas & Electric,White,2023-07-18 00:00:00,,161.88,,,153.79,py_1NXVE8KpjOcDqduzLg65RQKV,2023-07-24 20:19:33.541
22032547.0,1302713.0,1302396.0,3013645854,Baltimore Gas & Electric,White,2023-07-27 00:00:00,,81.17,,,77.11,py_1Na2OdKpjOcDqduzXSgTJaeQ,2023-07-31 20:08:52.65
21639492.0,1302713.0,1302396.0,3013645854,Baltimore Gas & Electric,White,2023-06-27 00:00:00,,83.63,,,79.45,py_1NPA2TKpjOcDqduzqPmVIKUO,2023-07-01 20:05:02.508
21943893.0,1316041.0,1315724.0,7509232582,Baltimore Gas & Electric,White,2023-07-20 00:00:00,,143.01,,,135.86,py_1NXrVvKpjOcDqduzzsSiHWXY,2023-07-25 20:07:24.412
21556545.0,1316041.0,1315724.0,7509232582,Baltimore Gas & Electric,White,2023-06-20 00:00:00,,98.2,,,93.29,py_1NNLfwKpjOcDqduz3kYfRuIv,2023-06-26 20:06:17.59
21999898.0,1330670.0,1330353.0,8869502000,Baltimore Gas & Electric,White,2023-07-24 00:00:00,,141.62,,,134.54,py_1Na2bGKpjOcDqduzyHUlUf2P,2023-07-31 20:21:55.656
21597015.0,1330670.0,1330353.0,8869502000,Baltimore Gas & Electric,White,2023-06-22 00:00:00,,109.55,,,104.07000000000001,py_1NNi5fKpjOcDqduzarB3P8bf,2023-06-27 20:02:20.867
21596933.0,1033910.0,1033576.0,5774707618,Baltimore Gas & Electric,White,2023-06-22 00:00:00,,317.76,,,301.87,py_1NOnVNKpjOcDqduzSVouPbVZ,2023-06-30 20:01:22.483
21986208.0,1033910.0,1033576.0,5774707618,Baltimore Gas & Electric,White,2023-07-24 00:00:00,,344.48,,,327.26,py_1NalDRKpjOcDqduzBmknM17a,2023-08-02 20:00:18.652
21547973.0,1295112.0,1294795.0,3152447883,Baltimore Gas & Electric,White,2023-06-19 00:00:00,,118.61,,,112.68,,
21547973.0,1295112.0,1294795.0,3152447883,Baltimore Gas & Electric,White,2023-06-19 00:00:00,,118.61,,,112.68,,
21547973.0,1295112.0,1294795.0,3152447883,Baltimore Gas & Electric,White,2023-06-19 00:00:00,,118.61,,,112.68,py_1NNLclKpjOcDqduzcvYqersg,2023-06-26 20:03:00.227
21547973.0,1295112.0,1294795.0,3152447883,Baltimore Gas & Electric,White,2023-06-19 00:00:00,,118.61,,,112.68,py_1NNLclKpjOcDqduzcvYqersg,2023-06-26 20:03:00.227
21915302.0,1295112.0,1294795.0,3152447883,Baltimore Gas & Electric,White,2023-07-19 00:00:00,,174.31,,,165.59,py_1NXVEzKpjOcDqduzzytBuBFG,2023-07-24 20:20:26.587
21611966.0,1352601.0,1352284.0,7818035744,Baltimore Gas & Electric,White,2023-06-22 00:00:00,,68.58,,,65.15,py_1NO4ZMKpjOcDqduzRalO4UZ7,2023-06-28 20:02:29.397
21986229.0,1352601.0,1352284.0,7818035744,Baltimore Gas & Electric,White,2023-07-24 00:00:00,,95.28,,,90.52,py_1Na2XdKpjOcDqduz8L54hI9k,2023-07-31 20:18:10.196
21986243.0,1338429.0,1338112.0,0523712274,Baltimore Gas & Electric,White,2023-07-24 00:00:00,,99.58,,,94.60000000000001,py_1Na2WJKpjOcDqduzwIUaIHWR,2023-07-31 20:16:48.253
21597022.0,1338429.0,1338112.0,0523712274,Baltimore Gas & Electric,White,2023-06-22 00:00:00,,78.55,,,74.62,py_1NNi5jKpjOcDqduz6GQ2gn6a,2023-06-27 20:02:25.232
21985912.0,2636444.0,2635488.0,9415526445,Baltimore Gas & Electric,White,2023-07-19 00:00:00,,5.83,,,5.54,py_1Na2VZKpjOcDqduzXEfjZS2G,2023-07-31 20:16:02.033
21597569.0,2636444.0,2635488.0,9415526445,Baltimore Gas & Electric,White,2023-06-19 00:00:00,,8.44,,,8.02,py_1NNi5pKpjOcDqduzIlPn1pqK,2023-06-27 20:02:30.842
21639460.0,791422.0,791095.0,8323002000,Baltimore Gas & Electric,White,2023-06-27 00:00:00,,83.75,,,79.56,py_1NPt7HKpjOcDqduzIb9e5bb0,2023-07-03 20:13:00.906
21987199.0,791422.0,791095.0,8323002000,Baltimore Gas & Electric,White,2023-07-22 00:00:00,,69.86,,,66.37,py_1NZJOBKpjOcDqduzPq69LSXh,2023-07-29 20:05:24.195
21639541.0,1390297.0,1389980.0,9681992633,Baltimore Gas & Electric,White,2023-06-27 00:00:00,,170.89000000000001,,,162.35,py_1NPt7SKpjOcDqduzgQRqyvg9,2023-07-03 20:13:11.05
22032580.0,1390297.0,1389980.0,9681992633,Baltimore Gas & Electric,White,2023-07-27 00:00:00,,261.81,,,248.72,py_1NaOqNKpjOcDqduz2L9IfQlu,2023-08-01 20:07:00.744
22004505.0,1346869.0,1346552.0,4991012000,Baltimore Gas & Electric,White,2023-07-25 00:00:00,,104.34,,,99.12,py_1NbNQKKpjOcDqduzYb6P24QQ,2023-08-04 12:48:09.435
21635908.0,1346869.0,1346552.0,4991012000,Baltimore Gas & Electric,White,2023-06-23 00:00:00,,129.39000000000001,,,122.92,py_1NRDysKpjOcDqduzsvQfRH9p,2023-07-07 12:41:50.982
21933884.0,1061303.0,1060988.0,2960362783,Baltimore Gas & Electric,White,2023-07-19 00:00:00,,151.44,,,143.87,py_1NXrTpKpjOcDqduz5Y5vTwwu,2023-07-25 20:05:14.707
21547937.0,1061303.0,1060988.0,2960362783,Baltimore Gas & Electric,White,2023-06-19 00:00:00,,89.75,,,85.26,py_1NNLcuKpjOcDqduzE1Bj5vJK,2023-06-26 20:03:09.211
21534234.0,1675375.0,1675055.0,5430192789,Baltimore Gas & Electric,White,2023-06-16 00:00:00,,68.43,,,65.01,py_1NLXDXKpjOcDqduz2MfXiChE,2023-06-21 20:01:28.764
21895032.0,1675375.0,1675055.0,5430192789,Baltimore Gas & Electric,White,2023-07-18 00:00:00,,70.12,,,66.61,py_1NXrRDKpjOcDqduzZQmgYFlY,2023-07-25 20:02:32.089
21635659.0,433340.0,433154.0,6519761000,Baltimore Gas & Electric,White,2023-06-23 00:00:00,,91.76,,,87.17,py_1NPt61KpjOcDqduzrxlkjcXr,2023-07-03 20:11:42.148
22022744.0,433340.0,433154.0,6519761000,Baltimore Gas & Electric,White,2023-07-25 00:00:00,,99.12,,,94.16,py_1NbUAkKpjOcDqduzlOU2hgsQ,2023-08-04 20:00:30.904
22032512.0,1267153.0,1266836.0,3030385606,Baltimore Gas & Electric,White,2023-07-27 00:00:00,,146.12,,,138.81,py_1NaOqGKpjOcDqduzTWXuZoaD,2023-08-01 20:06:53.304
21639438.0,1267153.0,1266836.0,3030385606,Baltimore Gas & Electric,White,2023-06-27 00:00:00,,75.92,,,72.12,py_1NQbsxKpjOcDqduzL2DnFiZz,2023-07-05 20:01:12.448
21639438.0,1267153.0,1266836.0,3030385606,Baltimore Gas & Electric,White,2023-06-27 00:00:00,,75.92,,,72.12,py_1NQbsxKpjOcDqduzL2DnFiZz,2023-07-05 20:01:12.448
21639438.0,1267153.0,1266836.0,3030385606,Baltimore Gas & Electric,White,2023-06-27 00:00:00,,75.92,,,72.12,,
21639438.0,1267153.0,1266836.0,3030385606,Baltimore Gas & Electric,White,2023-06-27 00:00:00,,75.92,,,72.12,,
21639472.0,1453958.0,1453641.0,3852597355,Baltimore Gas & Electric,White,2023-06-27 00:00:00,,70.12,,,66.61,py_1NPA3MKpjOcDqduzG3CqU3oT,2023-07-01 20:05:57.332
22032581.0,1453958.0,1453641.0,3852597355,Baltimore Gas & Electric,White,2023-07-27 00:00:00,,101.33,,,96.26,py_1NbUAxKpjOcDqduz2KktHoy0,2023-08-04 20:00:44.813
22033521.0,1332678.0,1332361.0,8865431000,Baltimore Gas & Electric,White,2023-07-27 00:00:00,,138.26,,,131.35,py_1NaOrcKpjOcDqduzsh99M6OS,2023-08-01 20:08:17.936
21639493.0,1332678.0,1332361.0,8865431000,Baltimore Gas & Electric,White,2023-06-27 00:00:00,,91.45,,,86.88,,
21639493.0,1332678.0,1332361.0,8865431000,Baltimore Gas & Electric,White,2023-06-27 00:00:00,,91.45,,,86.88,,
21639493.0,1332678.0,1332361.0,8865431000,Baltimore Gas & Electric,White,2023-06-27 00:00:00,,91.45,,,86.88,py_1NQbtHKpjOcDqduzl9NNoVFS,2023-07-05 20:01:32.717
21639493.0,1332678.0,1332361.0,8865431000,Baltimore Gas & Electric,White,2023-06-27 00:00:00,,91.45,,,86.88,py_1NQbtHKpjOcDqduzl9NNoVFS,2023-07-05 20:01:32.717
21611983.0,1288861.0,1288544.0,2088151000,Baltimore Gas & Electric,White,2023-06-22 00:00:00,,103.9,,,98.71000000000001,py_1NO4Z9KpjOcDqduzWOsVrpWg,2023-06-28 20:02:16.17
21986224.0,1288861.0,1288544.0,2088151000,Baltimore Gas & Electric,White,2023-07-24 00:00:00,,121.95,,,115.85000000000001,py_1Na2XfKpjOcDqduzmMNtFWHA,2023-07-31 20:18:12.094
21534166.0,999420.0,999086.0,8857981000,Baltimore Gas & Electric,White,2023-06-16 00:00:00,,151.89000000000001,,,144.3,py_1NLAkpKpjOcDqduz5GxJqVso,2023-06-20 20:02:20.487
21894978.0,999420.0,999086.0,8857981000,Baltimore Gas & Electric,White,2023-07-18 00:00:00,,201.32,,,191.25,py_1NWm28KpjOcDqduzyzPnEfNR,2023-07-22 20:04:09.413
21954827.0,1702242.0,1701922.0,9919168697,Baltimore Gas & Electric,White,2023-07-20 00:00:00,,146.44,,,139.12,py_1NZvzaKpjOcDqduzN7tMmwlr,2023-07-31 13:18:35.211
21565591.0,1702242.0,1701922.0,9919168697,Baltimore Gas & Electric,White,2023-06-20 00:00:00,,60.58,,,57.550000000000004,py_1NOhEeKpjOcDqduzuW4gX3Vx,2023-06-30 13:19:41.671
21727652.0,1274187.0,1273870.0,2313240000,Baltimore Gas & Electric,White,2023-06-27 00:00:00,,34.28,,,32.57,py_1NTPu5KpjOcDqduzSs7lyXVl,2023-07-13 13:49:58.237
22090520.0,1274187.0,1273870.0,2313240000,Baltimore Gas & Electric,White,2023-07-27 00:00:00,,43.85,,,41.660000000000004,py_1NdZEZKpjOcDqduzNtPT5sCf,2023-08-10 13:49:04.705
22032458.0,996498.0,996164.0,3147403525,Baltimore Gas & Electric,White,2023-07-27 00:00:00,,139.33,,,132.36,py_1NbUAsKpjOcDqduzfDQRgRqy,2023-08-04 20:00:39.046
21639409.0,996498.0,996164.0,3147403525,Baltimore Gas & Electric,White,2023-06-27 00:00:00,,110.32000000000001,,,104.8,py_1NPt7vKpjOcDqduzepHy3ioB,2023-07-03 20:13:40.414
21547975.0,1299791.0,1299474.0,5606223748,Baltimore Gas & Electric,White,2023-06-16 00:00:00,,21.02,,,19.97,py_1NOLA8KpjOcDqduzko2F4TXx,2023-06-29 13:45:33.034
21915327.0,1299791.0,1299474.0,5606223748,Baltimore Gas & Electric,White,2023-07-18 00:00:00,,34.21,,,32.5,py_1NYUf3KpjOcDqduzNVaIoiBo,2023-07-27 13:55:26.294
21908916.0,2064110.0,2062167.0,1138824358,Baltimore Gas & Electric,White,2023-07-18 00:00:00,,94.06,,,89.36,py_1NX8VKKpjOcDqduzEq83jkJ6,2023-07-23 20:03:47.757
21539219.0,2064110.0,2062167.0,1138824358,Baltimore Gas & Electric,White,2023-06-16 00:00:00,,89.45,,,84.98,py_1NLXDuKpjOcDqduzXKIsBbEg,2023-06-21 20:01:51.848
21611964.0,955490.0,955155.0,9464101886,Baltimore Gas & Electric,White,2023-06-23 00:00:00,,136.86,,,130.02,py_1NO4Z7KpjOcDqduzIpzlgcL1,2023-06-28 20:02:14.291
21986189.0,955490.0,955155.0,9464101886,Baltimore Gas & Electric,White,2023-07-25 00:00:00,,144.23,,,137.02,py_1Na2XWKpjOcDqduz50yJc5ay,2023-07-31 20:18:03.169
22032515.0,1292596.0,1292279.0,4847950086,Baltimore Gas & Electric,White,2023-07-27 00:00:00,,191.05,,,181.5,py_1NbOETKpjOcDqduzfFdLrscn,2023-08-04 13:39:58.038
21639435.0,1292596.0,1292279.0,4847950086,Baltimore Gas & Electric,White,2023-06-27 00:00:00,,101.88,,,96.79,py_1NRDV6KpjOcDqduzOGfkMCnT,2023-07-07 12:11:05.308
21572614.0,1332175.0,1331858.0,3379570000,Baltimore Gas & Electric,White,2023-06-20 00:00:00,,144.23,,,137.02,py_1NNLhaKpjOcDqduziJ8R7m5t,2023-06-26 20:07:59.834
21956449.0,1332175.0,1331858.0,3379570000,Baltimore Gas & Electric,White,2023-07-20 00:00:00,,213.28,,,202.62,py_1NYDvfKpjOcDqduz3z5ZZ4jf,2023-07-26 20:03:28.385
21548217.0,2634566.0,2631977.0,1532512451,Baltimore Gas & Electric,White,2023-06-19 00:00:00,,56.51,,,53.68,py_1NNLccKpjOcDqduzrfSWRJNp,2023-06-26 20:02:50.942
21915790.0,2634566.0,2631977.0,1532512451,Baltimore Gas & Electric,White,2023-07-19 00:00:00,,62.65,,,59.52,py_1NXVF9KpjOcDqduzvG0kYwxe,2023-07-24 20:20:36.44
22046432.0,376554.0,376376.0,1634111298,Baltimore Gas & Electric,White,2023-07-25 00:00:00,,38.53,,,36.6,py_1NdYcsKpjOcDqduzfGMK4u3n,2023-08-10 13:10:07.476
21655562.0,376554.0,376376.0,1634111298,Baltimore Gas & Electric,White,2023-06-23 00:00:00,,31.79,,,30.2,py_1NREJLKpjOcDqduz3b9aj91y,2023-07-07 13:03:00.664
22032573.0,1351811.0,1351494.0,9181224237,Baltimore Gas & Electric,White,2023-07-27 00:00:00,,181.35,,,172.28,py_1NbUAwKpjOcDqduzBQR9HaNb,2023-08-04 20:00:43.302
21639527.0,1351811.0,1351494.0,9181224237,Baltimore Gas & Electric,White,2023-06-27 00:00:00,,157.78,,,149.89000000000001,py_1NQbtAKpjOcDqduz4irc1diK,2023-07-05 20:01:25.545
21639527.0,1351811.0,1351494.0,9181224237,Baltimore Gas & Electric,White,2023-06-27 00:00:00,,157.78,,,149.89000000000001,py_1NQbtAKpjOcDqduz4irc1diK,2023-07-05 20:01:25.545
21639527.0,1351811.0,1351494.0,9181224237,Baltimore Gas & Electric,White,2023-06-27 00:00:00,,157.78,,,149.89000000000001,,
21639527.0,1351811.0,1351494.0,9181224237,Baltimore Gas & Electric,White,2023-06-27 00:00:00,,157.78,,,149.89000000000001,,
21556552.0,1337182.0,1336865.0,8278873438,Baltimore Gas & Electric,White,2023-06-20 00:00:00,,137.94,,,131.04,py_1NMcfUKpjOcDqduzu4aDEbdQ,2023-06-24 20:02:49.108
21943897.0,1337182.0,1336865.0,8278873438,Baltimore Gas & Electric,White,2023-07-20 00:00:00,,146.84,,,139.5,py_1NYwuBKpjOcDqduzjIvpXbY4,2023-07-28 20:04:56.659
21701793.0,975548.0,975214.0,6161080754,Baltimore Gas & Electric,White,2023-06-26 00:00:00,,12.530000000000001,,,11.9,py_1NQbxwKpjOcDqduzoqAJbkNi,2023-07-05 20:06:21.094
22064740.0,975548.0,975214.0,6161080754,Baltimore Gas & Electric,White,2023-07-26 00:00:00,,17.22,,,16.36,py_1NcZgJKpjOcDqduzJdv2jZdF,2023-08-07 20:05:36.378
21986159.0,883649.0,883312.0,6602100000,Baltimore Gas & Electric,White,2023-07-21 00:00:00,,36.01,,,34.21,py_1Na2XSKpjOcDqduzjYHJ3BWv,2023-07-31 20:17:59.332
21596882.0,883649.0,883312.0,6602100000,Baltimore Gas & Electric,White,2023-06-21 00:00:00,,29.900000000000002,,,28.41,py_1NNi5bKpjOcDqduzTnbRxX1p,2023-06-27 20:02:16.368
21596972.0,1297764.0,1297447.0,9130861000,Baltimore Gas & Electric,White,2023-06-21 00:00:00,,109.85000000000001,,,104.36,py_1NNi5dKpjOcDqduzNdAR2O5S,2023-06-27 20:02:18.736
21986220.0,1297764.0,1297447.0,9130861000,Baltimore Gas & Electric,White,2023-07-21 00:00:00,,109.86,,,104.37,py_1Na2WCKpjOcDqduzoCmX07TS,2023-07-31 20:16:41.665
21652281.0,1114261.0,1113946.0,0582476997,Baltimore Gas & Electric,White,2023-06-27 00:00:00,,147.14000000000001,,,139.78,py_1NPtAFKpjOcDqduzjMJ3cfQE,2023-07-03 20:16:04.412
22044510.0,1114261.0,1113946.0,0582476997,Baltimore Gas & Electric,White,2023-07-27 00:00:00,,156.66,,,148.83,py_1NalEsKpjOcDqduzg1VHM1Qt,2023-08-02 20:01:47.829
21556508.0,998108.0,997774.0,7185421000,Baltimore Gas & Electric,White,2023-06-19 00:00:00,,22.7,,,21.57,py_1NNLfrKpjOcDqduzVSgfsvKV,2023-06-26 20:06:12.644
21999639.0,998108.0,997774.0,7185421000,Baltimore Gas & Electric,White,2023-07-19 00:00:00,,23.94,,,22.740000000000002,py_1Na2bcKpjOcDqduzitSUFgJ4,2023-07-31 20:22:17.835
21609979.0,2123958.0,2121981.0,3086432987,Baltimore Gas & Electric,White,2023-06-22 00:00:00,,98.5,,,93.58,py_1NPmZRKpjOcDqduzkzkR9pa2,2023-07-03 13:13:38.349
21985900.0,2123958.0,2121981.0,3086432987,Baltimore Gas & Electric,White,2023-07-24 00:00:00,,106.02,,,100.72,py_1Nb1BjKpjOcDqduzIYwQBEbD,2023-08-03 13:03:36.674
21915300.0,1292361.0,1292044.0,0789311904,Baltimore Gas & Electric,White,2023-07-18 00:00:00,,175.84,,,167.05,py_1NXVEMKpjOcDqduzBsyNI23p,2023-07-24 20:19:47.339
21547958.0,1292361.0,1292044.0,0789311904,Baltimore Gas & Electric,White,2023-06-16 00:00:00,,171.84,,,163.25,py_1NNLcvKpjOcDqduzL7ncjnju,2023-06-26 20:03:10.888
21572509.0,880130.0,879793.0,6597176052,Baltimore Gas & Electric,White,2023-06-21 00:00:00,,119.68,,,113.7,py_1NMz8RKpjOcDqduzWVYaknsQ,2023-06-25 20:02:12.258
21956379.0,880130.0,879793.0,6597176052,Baltimore Gas & Electric,White,2023-07-21 00:00:00,,136.25,,,129.44,py_1Na2JXKpjOcDqduz6YQhmbhV,2023-07-31 20:03:36.952
21609771.0,711239.0,1337735.0,1600450000,Baltimore Gas & Electric,White,2023-06-21 00:00:00,,32.980000000000004,,,31.330000000000002,py_1NO4YTKpjOcDqduziS4bKnkH,2023-06-28 20:01:34.606
21986247.0,711239.0,1337735.0,1600450000,Baltimore Gas & Electric,White,2023-07-21 00:00:00,,46.96,,,44.61,py_1Na2XYKpjOcDqduzGmxvJ8H3,2023-07-31 20:18:05.701
21894975.0,995462.0,995128.0,0791048244,Baltimore Gas & Electric,White,2023-07-18 00:00:00,,148.54,,,141.11,py_1NWm27KpjOcDqduzZ2SMGbTQ,2023-07-22 20:04:08.931
21534161.0,995462.0,995128.0,0791048244,Baltimore Gas & Electric,White,2023-06-16 00:00:00,,170.77,,,162.23,py_1NLAkvKpjOcDqduzrFGaNmlB,2023-06-20 20:02:26.75
21956459.0,1338694.0,1338377.0,6061659788,Baltimore Gas & Electric,White,2023-07-21 00:00:00,,73.81,,,70.12,py_1NYDvPKpjOcDqduzVMMr414Z,2023-07-26 20:03:12.409
21572626.0,1338694.0,1338377.0,6061659788,Baltimore Gas & Electric,White,2023-06-21 00:00:00,,54.01,,,51.31,py_1NNLhbKpjOcDqduzHrISryMM,2023-06-26 20:08:00.662
21915289.0,1238311.0,1237994.0,7891320000,Baltimore Gas & Electric,White,2023-07-19 00:00:00,,233.5,,,221.83,py_1NXVDWKpjOcDqduzUe8yYBQY,2023-07-24 20:18:55.468
21547953.0,1238311.0,1237994.0,7891320000,Baltimore Gas & Electric,White,2023-06-19 00:00:00,,170.78,,,162.24,py_1NNLctKpjOcDqduzrnw0wRvV,2023-06-26 20:03:08.22
21943905.0,1318919.0,1318602.0,9832207000,Baltimore Gas & Electric,White,2023-07-20 00:00:00,,72.88,,,69.24,py_1NYwujKpjOcDqduzkAe0ryyW,2023-07-28 20:05:30.721
21556541.0,1318919.0,1318602.0,9832207000,Baltimore Gas & Electric,White,2023-06-20 00:00:00,,54.77,,,52.03,py_1NNLftKpjOcDqduzQ2kR5vwR,2023-06-26 20:06:13.929
21908374.0,1291086.0,1290769.0,9586129795,Baltimore Gas & Electric,White,2023-07-18 00:00:00,,228.47,,,217.05,py_1NX8UtKpjOcDqduzUTwo1nzN,2023-07-23 20:03:20.087
21538923.0,1291086.0,1290769.0,9586129795,Baltimore Gas & Electric,White,2023-06-16 00:00:00,,230.01,,,218.51,py_1NLXDPKpjOcDqduzGFv8cbJV,2023-06-21 20:01:20.105
21986317.0,1730620.0,1730298.0,8588771000,Baltimore Gas & Electric,White,2023-07-24 00:00:00,,374.85,,,356.11,py_1NZJNHKpjOcDqduzWdxoxe7A,2023-07-29 20:04:28.946
21597136.0,1730620.0,1730298.0,8588771000,Baltimore Gas & Electric,White,2023-06-22 00:00:00,,382.98,,,363.83,py_1NNLd7KpjOcDqduzIl4B9oXo,2023-06-26 20:03:22.326
22032464.0,1002838.0,1002504.0,1625658205,Baltimore Gas & Electric,White,2023-07-27 00:00:00,,74.26,,,70.55,py_1NbNSRKpjOcDqduzZRytbL6N,2023-08-04 12:50:20.929
21639414.0,1002838.0,1002504.0,1625658205,Baltimore Gas & Electric,White,2023-06-27 00:00:00,,73.5,,,69.83,py_1NREKtKpjOcDqduzOo57ooLV,2023-07-07 13:04:36.11
21597025.0,1335318.0,1335001.0,9339900000,Baltimore Gas & Electric,White,2023-06-22 00:00:00,,108.04,,,102.64,py_1NNLcvKpjOcDqduzb47vZkzd,2023-06-26 20:03:10.919
21986237.0,1335318.0,1335001.0,9339900000,Baltimore Gas & Electric,White,2023-07-24 00:00:00,,129.94,,,123.44,py_1NZJNQKpjOcDqduzl0qItF1f,2023-07-29 20:04:37.859
21895009.0,1303581.0,1303264.0,7849421000,Baltimore Gas & Electric,White,2023-07-18 00:00:00,,154.36,,,146.64000000000001,py_1NYUUyKpjOcDqduzjNY19K8X,2023-07-27 13:45:00.932
21534202.0,1303581.0,1303264.0,7849421000,Baltimore Gas & Electric,White,2023-06-16 00:00:00,,270.35,,,256.83,py_1NNFAdKpjOcDqduzuBSqtnfS,2023-06-26 13:09:32.1
21572604.0,1292273.0,1291956.0,6251755262,Baltimore Gas & Electric,White,2023-06-21 00:00:00,,45.86,,,43.57,py_1NNLhYKpjOcDqduz0D8tkINF,2023-06-26 20:07:57.693
21596900.0,982022.0,981688.0,5457463209,Baltimore Gas & Electric,White,2023-06-22 00:00:00,,194.08,,,184.38,py_1NNLdAKpjOcDqduzF9FKgo9u,2023-06-26 20:03:25.749
21987193.0,982022.0,981688.0,5457463209,Baltimore Gas & Electric,White,2023-07-24 00:00:00,,134.41,,,127.69,py_1NZJNsKpjOcDqduzLnNK1LnZ,2023-07-29 20:05:05.813
22032543.0,1297526.0,1297209.0,3039302000,Baltimore Gas & Electric,White,2023-07-27 00:00:00,,78.16,,,74.25,py_1NaOqgKpjOcDqduznxNczOY4,2023-08-01 20:07:18
21639501.0,1297526.0,1297209.0,3039302000,Baltimore Gas & Electric,White,2023-06-27 00:00:00,,51.18,,,48.620000000000005,py_1NQbtBKpjOcDqduziJ9Ba56G,2023-07-05 20:01:26.114
21639501.0,1297526.0,1297209.0,3039302000,Baltimore Gas & Electric,White,2023-06-27 00:00:00,,51.18,,,48.620000000000005,py_1NQbtBKpjOcDqduziJ9Ba56G,2023-07-05 20:01:26.114
21639501.0,1297526.0,1297209.0,3039302000,Baltimore Gas & Electric,White,2023-06-27 00:00:00,,51.18,,,48.620000000000005,,
21639501.0,1297526.0,1297209.0,3039302000,Baltimore Gas & Electric,White,2023-06-27 00:00:00,,51.18,,,48.620000000000005,,
21635899.0,1297182.0,1296865.0,7987777120,Baltimore Gas & Electric,White,2023-06-26 00:00:00,,147.61,,,140.23,py_1NPA0cKpjOcDqduzlZf0FQr1,2023-07-01 20:03:07.534
22004518.0,1297182.0,1296865.0,7987777120,Baltimore Gas & Electric,White,2023-07-26 00:00:00,,202.85,,,192.71,py_1NZfsRKpjOcDqduzEYDQgF6M,2023-07-30 20:06:08.698
21534179.0,1289500.0,1289183.0,1035179997,Baltimore Gas & Electric,White,2023-06-16 00:00:00,,104.18,,,98.97,py_1NLAl3KpjOcDqduzn2zZWet5,2023-06-20 20:02:34.917
21894994.0,1289500.0,1289183.0,1035179997,Baltimore Gas & Electric,White,2023-07-18 00:00:00,,139.02,,,132.07,py_1NXrRaKpjOcDqduz6lWRVJg2,2023-07-25 20:02:55.498
21943838.0,686490.0,686172.0,9750713625,Baltimore Gas & Electric,White,2023-07-20 00:00:00,,92.06,,,87.46000000000001,py_1NYwuFKpjOcDqduzFXC5gJhJ,2023-07-28 20:05:00.303
21556487.0,686490.0,686172.0,9750713625,Baltimore Gas & Electric,White,2023-06-20 00:00:00,,53.550000000000004,,,50.870000000000005,py_1NMcfDKpjOcDqduzhYnRRH9y,2023-06-24 20:02:32.532
21986219.0,1322355.0,1322038.0,0669031000,Baltimore Gas & Electric,White,2023-07-20 00:00:00,,112.97,,,107.32000000000001,py_1NZJNfKpjOcDqduzaXB1sGkA,2023-07-29 20:04:52.303
21986367.0,2080042.0,2078084.0,2811581888,Baltimore Gas & Electric,White,2023-07-25 00:00:00,,117.43,,,111.56,py_1Na2XJKpjOcDqduzuvxM22PS,2023-07-31 20:17:50.573
21612068.0,2080042.0,2078084.0,2811581888,Baltimore Gas & Electric,White,2023-06-23 00:00:00,,106.21000000000001,,,100.9,py_1NO4ZIKpjOcDqduzsvxg7q5S,2023-06-28 20:02:25.205
21655570.0,985713.0,985379.0,7415411922,Baltimore Gas & Electric,White,2023-06-27 00:00:00,,288.08,,,273.68,py_1NRETeKpjOcDqduzKJNbCLct,2023-07-07 13:13:39.007
22046441.0,985713.0,985379.0,7415411922,Baltimore Gas & Electric,White,2023-07-27 00:00:00,,356.59000000000003,,,338.76,py_1NcSfiKpjOcDqduzN5GbBTtB,2023-08-07 12:36:31.064
21915281.0,1157561.0,1157246.0,3314791000,Baltimore Gas & Electric,White,2023-07-18 00:00:00,,203.76,,,193.57,py_1NYU1cKpjOcDqduzKGvyupJZ,2023-07-27 13:14:40.892
21547946.0,1157561.0,1157246.0,3314791000,Baltimore Gas & Electric,White,2023-06-16 00:00:00,,171.54,,,162.96,py_1NOKc0KpjOcDqduz6cR6g6LB,2023-06-29 13:10:16.954
21636906.0,2634297.0,2631607.0,2173993307,Baltimore Gas & Electric,White,2023-06-21 00:00:00,,103.73,,,98.54,py_1NPt75KpjOcDqduzDm6DBQls,2023-07-03 20:12:48.935
22004725.0,2634297.0,2631607.0,2173993307,Baltimore Gas & Electric,White,2023-07-21 00:00:00,,168.94,,,160.49,py_1Na2cQKpjOcDqduzz9P0QQfi,2023-07-31 20:23:07.267
21944315.0,2615144.0,2594300.0,9601148632,Baltimore Gas & Electric,White,2023-07-18 00:00:00,,73.96000000000001,,,70.26,py_1NXrWRKpjOcDqduzz8E3qJq3,2023-07-25 20:07:55.915
21548208.0,2615144.0,2594300.0,9601148632,Baltimore Gas & Electric,White,2023-06-16 00:00:00,,35.9,,,34.11,py_1NNLcoKpjOcDqduzTxNYeZvr,2023-06-26 20:03:03.549
22330877.0,1017675.0,1017341.0,2571202000,Baltimore Gas & Electric,White,2023-08-16 00:00:00,,192.42000000000002,,,182.8,,
21894974.0,1017675.0,1017341.0,2571202000,Baltimore Gas & Electric,White,2023-07-18 00:00:00,,89.0,,,84.55,py_1NYqXTKpjOcDqduzhiT3qstV,2023-07-28 13:17:04.731
21534156.0,1017675.0,1017341.0,2571202000,Baltimore Gas & Electric,White,2023-06-16 00:00:00,,155.44,,,147.67000000000002,py_1NNELHKpjOcDqduzVJqAKSxD,2023-06-26 12:16:28.334
21915293.0,1291504.0,1291187.0,2993929314,Baltimore Gas & Electric,White,2023-07-19 00:00:00,,93.91,,,89.21000000000001,py_1NXVDTKpjOcDqduzCaeEMdDB,2023-07-24 20:18:52.271
21547951.0,1291504.0,1291187.0,2993929314,Baltimore Gas & Electric,White,2023-06-19 00:00:00,,59.84,,,56.85,py_1NNLcpKpjOcDqduz9AbE1CBq,2023-06-26 20:03:04.013
22046487.0,2243964.0,2205263.0,0121278839,Baltimore Gas & Electric,White,2023-07-27 00:00:00,,71.57000000000001,,,67.99,py_1Nda47KpjOcDqduz3PbSMX1m,2023-08-10 14:42:20.653
21655608.0,2243964.0,2205263.0,0121278839,Baltimore Gas & Electric,White,2023-06-27 00:00:00,,43.980000000000004,,,41.78,py_1NRFirKpjOcDqduzcIIT30x2,2023-07-07 14:33:26.944
21956416.0,1289252.0,1288935.0,6897170000,Baltimore Gas & Electric,White,2023-07-18 00:00:00,,213.28,,,202.62,py_1NZvxmKpjOcDqduzCNHbHJof,2023-07-31 13:16:43.813
21572591.0,1289252.0,1288935.0,6897170000,Baltimore Gas & Electric,White,2023-06-16 00:00:00,,116.46000000000001,,,110.64,py_1NOgH3KpjOcDqduzSeCqa3v5,2023-06-30 12:18:06.854
21572591.0,1289252.0,1288935.0,6897170000,Baltimore Gas & Electric,White,2023-06-16 00:00:00,,116.46000000000001,,,110.64,py_1NOgH3KpjOcDqduzSeCqa3v5,2023-06-30 12:18:06.854
21572591.0,1289252.0,1288935.0,6897170000,Baltimore Gas & Electric,White,2023-06-16 00:00:00,,116.46000000000001,,,110.64,,
21572591.0,1289252.0,1288935.0,6897170000,Baltimore Gas & Electric,White,2023-06-16 00:00:00,,116.46000000000001,,,110.64,,
22044584.0,145186.0,1328432.0,4905944631,Baltimore Gas & Electric,White,2023-07-27 00:00:00,,93.03,,,88.38,py_1NaOmfKpjOcDqduzTnrpJfcr,2023-08-01 20:03:10.601
21652326.0,145186.0,1328432.0,4905944631,Baltimore Gas & Electric,White,2023-06-27 00:00:00,,66.06,,,62.76,py_1NPWSZKpjOcDqduzdmdNR3VO,2023-07-02 20:01:28.355
21556535.0,1306976.0,1306659.0,9701860149,Baltimore Gas & Electric,White,2023-06-20 00:00:00,,19.34,,,18.37,py_1NNLfrKpjOcDqduz1XmbtkCW,2023-06-26 20:06:12.673
21943901.0,1306976.0,1306659.0,9701860149,Baltimore Gas & Electric,White,2023-07-20 00:00:00,,21.64,,,20.56,py_1NYwuBKpjOcDqduzCQyItpxP,2023-07-28 20:04:56.731
21956464.0,1348421.0,1348104.0,2026430316,Baltimore Gas & Electric,White,2023-07-21 00:00:00,,40.65,,,38.62,py_1Nb0pSKpjOcDqduzYPBg5blD,2023-08-03 12:40:35.724
21572621.0,1348421.0,1348104.0,2026430316,Baltimore Gas & Electric,White,2023-06-21 00:00:00,,63.06,,,59.910000000000004,py_1NOLHiKpjOcDqduzjEeQIRej,2023-06-29 13:53:23.222
21556548.0,1294899.0,1294582.0,7873341000,Baltimore Gas & Electric,White,2023-06-20 00:00:00,,188.34,,,178.92000000000002,py_1NNLfwKpjOcDqduztYVpJdJx,2023-06-26 20:06:16
21943898.0,1294899.0,1294582.0,7873341000,Baltimore Gas & Electric,White,2023-07-20 00:00:00,,229.42000000000002,,,217.95000000000002,py_1NXrX6KpjOcDqduzjUOVUMo4,2023-07-25 20:08:37.71
21573106.0,2636351.0,2635390.0,3616678725,Baltimore Gas & Electric,White,2023-06-21 00:00:00,,62.92,,,59.77,py_1NOnUZKpjOcDqduzO4urCiw2,2023-06-30 20:00:32.536
21956825.0,2636351.0,2635390.0,3616678725,Baltimore Gas & Electric,White,2023-07-21 00:00:00,,95.07000000000001,,,90.32000000000001,py_1NYDwFKpjOcDqduz1KZdqK3M,2023-07-26 20:04:04.494
21701900.0,1327715.0,1327398.0,6664690000,Baltimore Gas & Electric,White,2023-06-27 00:00:00,,139.71,,,132.72,py_1NRKtRKpjOcDqduzq5m1SbKl,2023-07-07 20:04:42.303
22074083.0,1327715.0,1327398.0,6664690000,Baltimore Gas & Electric,White,2023-07-27 00:00:00,,130.16,,,123.65,py_1NcZkdKpjOcDqduzEnwDTRyH,2023-08-07 20:10:04.81
22032551.0,1311664.0,1311347.0,7148501000,Baltimore Gas & Electric,White,2023-07-27 00:00:00,,108.24000000000001,,,102.83,py_1NbUAtKpjOcDqduzBPXtx5da,2023-08-04 20:00:40.889
21639518.0,1311664.0,1311347.0,7148501000,Baltimore Gas & Electric,White,2023-06-27 00:00:00,,91.49,,,86.92,py_1NPt7ZKpjOcDqduzq1vRzgAG,2023-07-03 20:13:18.661
21986228.0,1314598.0,1314281.0,0351795793,Baltimore Gas & Electric,White,2023-07-21 00:00:00,,251.65,,,239.07,py_1NZJN5KpjOcDqduz55vZzLgD,2023-07-29 20:04:16.59
21597024.0,1314598.0,1314281.0,0351795793,Baltimore Gas & Electric,White,2023-06-21 00:00:00,,231.54,,,219.96,py_1NNLcwKpjOcDqduzyHAQsGrW,2023-06-26 20:03:11.05
21986190.0,1198068.0,1197753.0,5505798992,Baltimore Gas & Electric,White,2023-07-24 00:00:00,,133.56,,,126.88000000000001,py_1Na2XbKpjOcDqduzm0YJrXvm,2023-07-31 20:18:08.149
21596952.0,1198068.0,1197753.0,5505798992,Baltimore Gas & Electric,White,2023-06-22 00:00:00,,101.15,,,96.09,py_1NNi5bKpjOcDqduzeKzh6pyI,2023-06-27 20:02:16.717
21986117.0,21852.0,299688.0,0183900000,Baltimore Gas & Electric,White,2023-07-21 00:00:00,,63.480000000000004,,,60.31,py_1Nb1P0KpjOcDqduzkaP6Sdc3,2023-08-03 13:17:19.36
21596816.0,21852.0,299688.0,0183900000,Baltimore Gas & Electric,White,2023-06-21 00:00:00,,66.04,,,62.74,py_1NOh7EKpjOcDqduzxMgKffXC,2023-06-30 13:12:01.813
22064742.0,1023562.0,1023228.0,2292097591,Baltimore Gas & Electric,White,2023-07-27 00:00:00,,324.37,,,308.15000000000003,py_1NbUGxKpjOcDqduzpvpNyqP0,2023-08-04 20:06:55.965
21639963.0,1023562.0,1023228.0,2292097591,Baltimore Gas & Electric,White,2023-06-27 00:00:00,,226.62,,,215.29,py_1NPt8kKpjOcDqduzlr2Odpor,2023-07-03 20:14:31.612
21943891.0,1280317.0,1280000.0,3309597437,Baltimore Gas & Electric,White,2023-07-20 00:00:00,,147.84,,,140.45000000000002,py_1NXrX6KpjOcDqduzMFsdbGpF,2023-07-25 20:08:37.837
21556531.0,1280317.0,1280000.0,3309597437,Baltimore Gas & Electric,White,2023-06-20 00:00:00,,105.67,,,100.39,py_1NNLfZKpjOcDqduzThf0D9so,2023-06-26 20:05:54.901
21956389.0,866667.0,866330.0,0295869146,Baltimore Gas & Electric,White,2023-07-18 00:00:00,,39.13,,,37.17,py_1NYDvmKpjOcDqduzmBGfDgVT,2023-07-26 20:03:34.991
21572519.0,866667.0,866330.0,0295869146,Baltimore Gas & Electric,White,2023-06-16 00:00:00,,32.22,,,30.61,py_1NNLhhKpjOcDqduzqI8I67Oi,2023-06-26 20:08:06.109
21986231.0,1303057.0,1302740.0,8268010373,Baltimore Gas & Electric,White,2023-07-24 00:00:00,,44.65,,,42.42,py_1Na2XfKpjOcDqduz7wAip83N,2023-07-31 20:18:12.465
21596963.0,1303057.0,1302740.0,8268010373,Baltimore Gas & Electric,White,2023-06-22 00:00:00,,52.32,,,49.7,py_1NNi65KpjOcDqduzOYJRciKg,2023-06-27 20:02:47.167
22089123.0,2061627.0,2059687.0,0101556577,Baltimore Gas & Electric,White,2023-07-27 00:00:00,,111.98,,,106.38,py_1NdYCyKpjOcDqduzA35Xkku4,2023-08-10 12:43:21.378
21711514.0,2061627.0,2059687.0,0101556577,Baltimore Gas & Electric,White,2023-06-27 00:00:00,,46.81,,,44.47,py_1NTOj5KpjOcDqduzYQvzcO6O,2023-07-13 12:34:32.63
21943892.0,1293826.0,1293509.0,2149991463,Baltimore Gas & Electric,White,2023-07-20 00:00:00,,316.85,,,301.01,py_1NXV3YKpjOcDqduzTmVwayfo,2023-07-24 20:08:37.91
21556546.0,1293826.0,1293509.0,2149991463,Baltimore Gas & Electric,White,2023-06-20 00:00:00,,255.93,,,243.13,py_1NMcfGKpjOcDqduzuphAmEYk,2023-06-24 20:02:35.452
22032721.0,2080340.0,2078382.0,8609911658,Baltimore Gas & Electric,White,2023-07-27 00:00:00,,61.85,,,58.76,py_1NaOqAKpjOcDqduzdqMKhGu7,2023-08-01 20:06:47.346
21639571.0,2080340.0,2078382.0,8609911658,Baltimore Gas & Electric,White,2023-06-27 00:00:00,,54.63,,,51.9,py_1NPt8TKpjOcDqduzmFAHUHEb,2023-07-03 20:14:14.087
21635904.0,1327410.0,1327093.0,0502801000,Baltimore Gas & Electric,White,2023-06-26 00:00:00,,145.0,,,137.75,py_1NPt6pKpjOcDqduzGP2Bg3NB,2023-07-03 20:12:32.85
22004500.0,1327410.0,1327093.0,0502801000,Baltimore Gas & Electric,White,2023-07-26 00:00:00,,198.70000000000002,,,188.77,py_1Na2cmKpjOcDqduzzi42Czzv,2023-07-31 20:23:29.565
21956411.0,1113002.0,1112687.0,4126852227,Baltimore Gas & Electric,White,2023-07-21 00:00:00,,210.07,,,199.57,py_1NXrTuKpjOcDqduzWYMwp5IO,2023-07-25 20:05:19.269
21572572.0,1113002.0,1112687.0,4126852227,Baltimore Gas & Electric,White,2023-06-21 00:00:00,,169.55,,,161.07,py_1NMz8VKpjOcDqduz361YZyrj,2023-06-25 20:02:16.725
22075946.0,1291208.0,1290891.0,9930938223,Baltimore Gas & Electric,White,2023-07-27 00:00:00,,74.23,,,70.52,py_1NcZnbKpjOcDqduzPiS8uQTQ,2023-08-07 20:13:07.955
21703579.0,1291208.0,1290891.0,9930938223,Baltimore Gas & Electric,White,2023-06-27 00:00:00,,49.0,,,46.550000000000004,py_1NQbzVKpjOcDqduzxU8KSPzR,2023-07-05 20:07:58.513
21986187.0,1249332.0,1249015.0,0524821000,Baltimore Gas & Electric,White,2023-07-24 00:00:00,,133.25,,,126.59,py_1Na2X4KpjOcDqduzLX001gMq,2023-07-31 20:17:35.56
21596961.0,1249332.0,1249015.0,0524821000,Baltimore Gas & Electric,White,2023-06-22 00:00:00,,88.83,,,84.39,py_1NNi5XKpjOcDqduzsy9qvM6Y,2023-06-27 20:02:12.433
21985989.0,480710.0,480515.0,3666280000,Baltimore Gas & Electric,White,2023-07-24 00:00:00,,47.42,,,45.050000000000004,py_1NZJNBKpjOcDqduzheyKI7ej,2023-07-29 20:04:21.996
21596821.0,480710.0,480515.0,3666280000,Baltimore Gas & Electric,White,2023-06-22 00:00:00,,44.95,,,42.7,py_1NNLcpKpjOcDqduzNKdNIJp2,2023-06-26 20:03:04.402
21534197.0,1323879.0,1323562.0,0309538393,Baltimore Gas & Electric,White,2023-06-16 00:00:00,,97.73,,,92.84,py_1NLAkoKpjOcDqduzxLQEFIIg,2023-06-20 20:02:19.828
21895004.0,1323879.0,1323562.0,0309538393,Baltimore Gas & Electric,White,2023-07-18 00:00:00,,79.94,,,75.94,py_1NXUyMKpjOcDqduzXpUACQ7P,2023-07-24 20:03:15.058
22032542.0,1303013.0,1302696.0,2891700000,Baltimore Gas & Electric,White,2023-07-27 00:00:00,,186.42000000000002,,,177.1,py_1Na2OuKpjOcDqduzkOQSX8Vv,2023-07-31 20:09:09.805
21639510.0,1303013.0,1302696.0,2891700000,Baltimore Gas & Electric,White,2023-06-27 00:00:00,,138.1,,,131.2,py_1NPA2jKpjOcDqduzIkdARTXP,2023-07-01 20:05:18.465
21986508.0,2346475.0,2288591.0,8280560547,Baltimore Gas & Electric,White,2023-07-21 00:00:00,,53.06,,,50.410000000000004,py_1Na2YBKpjOcDqduzem7lYCr5,2023-07-31 20:18:44.356
21597260.0,2346475.0,2288591.0,8280560547,Baltimore Gas & Electric,White,2023-06-21 00:00:00,,45.800000000000004,,,43.51,py_1NNLdGKpjOcDqduzcDkHarBt,2023-06-26 20:03:31.115
21956364.0,7456.0,336729.0,2135281000,Baltimore Gas & Electric,White,2023-07-21 00:00:00,,214.04,,,203.34,py_1NZvyfKpjOcDqduzexHZ2l0H,2023-07-31 13:17:38.401
21572469.0,7456.0,336729.0,2135281000,Baltimore Gas & Electric,White,2023-06-21 00:00:00,,167.70000000000002,,,159.32,py_1NOL5pKpjOcDqduzhSWuCAeF,2023-06-29 13:41:06.473
21943906.0,1297012.0,1296695.0,2077361000,Baltimore Gas & Electric,White,2023-07-20 00:00:00,,122.83,,,116.69,py_1NaexZKpjOcDqduzpE8fsp36,2023-08-02 13:19:30.863
21556532.0,1297012.0,1296695.0,2077361000,Baltimore Gas & Electric,White,2023-06-20 00:00:00,,84.73,,,364.89,py_1NOLDEKpjOcDqduzCJ3wsEwW,2023-06-29 13:48:45.347
21639498.0,1351870.0,1351553.0,7305714714,Baltimore Gas & Electric,White,2023-06-27 00:00:00,,71.96000000000001,,,68.36,py_1NRGj4KpjOcDqduzjaQFT7OC,2023-07-07 15:37:43.229
22032564.0,1351870.0,1351553.0,7305714714,Baltimore Gas & Electric,White,2023-07-27 00:00:00,,141.77,,,134.68,py_1NbORwKpjOcDqduzJW1zdHeO,2023-08-04 13:53:53.948
21547964.0,1338221.0,1337904.0,1131613498,Baltimore Gas & Electric,White,2023-06-19 00:00:00,,20.25,,,19.240000000000002,py_1NNLcvKpjOcDqduz3VPhEPkg,2023-06-26 20:03:10.271
21915328.0,1338221.0,1337904.0,1131613498,Baltimore Gas & Electric,White,2023-07-19 00:00:00,,23.01,,,21.86,py_1NYws1KpjOcDqduzTMnj1cWW,2023-07-28 20:02:42.916
21915328.0,1338221.0,1337904.0,1131613498,Baltimore Gas & Electric,White,2023-07-19 00:00:00,,23.01,,,21.86,py_1NYws1KpjOcDqduzTMnj1cWW,2023-07-28 20:02:42.916
21915328.0,1338221.0,1337904.0,1131613498,Baltimore Gas & Electric,White,2023-07-19 00:00:00,,23.01,,,21.86,,
21915328.0,1338221.0,1337904.0,1131613498,Baltimore Gas & Electric,White,2023-07-19 00:00:00,,23.01,,,21.86,,
21556734.0,2499304.0,2387828.0,8172543150,Baltimore Gas & Electric,White,2023-06-20 00:00:00,,57.230000000000004,,,54.370000000000005,py_1NNLfcKpjOcDqduzyObjmLpa,2023-06-26 20:05:57.479
21944216.0,2499304.0,2387828.0,8172543150,Baltimore Gas & Electric,White,2023-07-20 00:00:00,,56.480000000000004,,,53.660000000000004,py_1NXrWxKpjOcDqduzOElHRh7k,2023-07-25 20:08:28.295
22004493.0,1289801.0,1289484.0,5519680000,Baltimore Gas & Electric,White,2023-07-25 00:00:00,,286.93,,,272.58,py_1Na2clKpjOcDqduzkM2C5kCD,2023-07-31 20:23:28.948
21635889.0,1289801.0,1289484.0,5519680000,Baltimore Gas & Electric,White,2023-06-23 00:00:00,,170.92000000000002,,,162.37,py_1NPt6PKpjOcDqduzZFhHar4n,2023-07-03 20:12:06.669
21986061.0,1311013.0,1310696.0,9070450000,Baltimore Gas & Electric,White,2023-07-19 00:00:00,,106.94,,,101.59,py_1Na2W1KpjOcDqduzqiLULRcL,2023-07-31 20:16:30.955
21598341.0,1311013.0,1310696.0,9070450000,Baltimore Gas & Electric,White,2023-06-19 00:00:00,,64.6,,,61.370000000000005,py_1NNi5pKpjOcDqduzqduBBaa5,2023-06-27 20:02:29
22032572.0,1355004.0,1354687.0,3467775395,Baltimore Gas & Electric,White,2023-07-27 00:00:00,,327.71,,,311.32,py_1NaOq6KpjOcDqduz8gxatrlX,2023-08-01 20:06:43.435
21639496.0,1355004.0,1354687.0,3467775395,Baltimore Gas & Electric,White,2023-06-27 00:00:00,,185.49,,,176.22,py_1NQbtRKpjOcDqduz9aa7L054,2023-07-05 20:01:42.145
21639496.0,1355004.0,1354687.0,3467775395,Baltimore Gas & Electric,White,2023-06-27 00:00:00,,185.49,,,176.22,py_1NQbtRKpjOcDqduz9aa7L054,2023-07-05 20:01:42.145
21639496.0,1355004.0,1354687.0,3467775395,Baltimore Gas & Electric,White,2023-06-27 00:00:00,,185.49,,,176.22,,
21639496.0,1355004.0,1354687.0,3467775395,Baltimore Gas & Electric,White,2023-06-27 00:00:00,,185.49,,,176.22,,
21547907.0,431628.0,431443.0,2296240000,Baltimore Gas & Electric,White,2023-06-16 00:00:00,,173.07,,,164.42000000000002,py_1NMGBUKpjOcDqduz09W1Y0eV,2023-06-23 20:02:21.969
21915208.0,431628.0,431443.0,2296240000,Baltimore Gas & Electric,White,2023-07-18 00:00:00,,229.55,,,218.07,py_1NYwt1KpjOcDqduzSJsIkwDb,2023-07-28 20:03:44.528
21915208.0,431628.0,431443.0,2296240000,Baltimore Gas & Electric,White,2023-07-18 00:00:00,,229.55,,,218.07,py_1NYwt1KpjOcDqduzSJsIkwDb,2023-07-28 20:03:44.528
21915208.0,431628.0,431443.0,2296240000,Baltimore Gas & Electric,White,2023-07-18 00:00:00,,229.55,,,218.07,,
21915208.0,431628.0,431443.0,2296240000,Baltimore Gas & Electric,White,2023-07-18 00:00:00,,229.55,,,218.07,,
21639502.0,1305050.0,1304733.0,2108360000,Baltimore Gas & Electric,White,2023-06-27 00:00:00,,29.43,,,27.96,py_1NQbtAKpjOcDqduzJy1VrgQN,2023-07-05 20:01:25.021
21639502.0,1305050.0,1304733.0,2108360000,Baltimore Gas & Electric,White,2023-06-27 00:00:00,,29.43,,,27.96,py_1NQbtAKpjOcDqduzJy1VrgQN,2023-07-05 20:01:25.021
21639502.0,1305050.0,1304733.0,2108360000,Baltimore Gas & Electric,White,2023-06-27 00:00:00,,29.43,,,27.96,,
21639502.0,1305050.0,1304733.0,2108360000,Baltimore Gas & Electric,White,2023-06-27 00:00:00,,29.43,,,27.96,,
22032553.0,1305050.0,1304733.0,2108360000,Baltimore Gas & Electric,White,2023-07-27 00:00:00,,96.78,,,91.94,py_1NaOqHKpjOcDqduziejxhf7u,2023-08-01 20:06:53.98
22330845.0,1293428.0,1293111.0,2799631711,Baltimore Gas & Electric,White,2023-08-16 00:00:00,,276.19,,,262.38,,
21895000.0,1293428.0,1293111.0,2799631711,Baltimore Gas & Electric,White,2023-07-18 00:00:00,,233.70000000000002,,,222.02,py_1NWm31KpjOcDqduzxpuOknqz,2023-07-22 20:05:04.748
21534205.0,1293428.0,1293111.0,2799631711,Baltimore Gas & Electric,White,2023-06-16 00:00:00,,235.61,,,223.83,py_1NLAknKpjOcDqduze5jowyrd,2023-06-20 20:02:18.646
21572560.0,1074648.0,1074333.0,2453051000,Baltimore Gas & Electric,White,2023-06-21 00:00:00,,136.56,,,129.73,,
21572560.0,1074648.0,1074333.0,2453051000,Baltimore Gas & Electric,White,2023-06-21 00:00:00,,136.56,,,129.73,,
21572560.0,1074648.0,1074333.0,2453051000,Baltimore Gas & Electric,White,2023-06-21 00:00:00,,136.56,,,129.73,py_1NNi49KpjOcDqduzVQDyS68s,2023-06-27 20:00:46.708
21572560.0,1074648.0,1074333.0,2453051000,Baltimore Gas & Electric,White,2023-06-21 00:00:00,,136.56,,,129.73,py_1NNi49KpjOcDqduzVQDyS68s,2023-06-27 20:00:46.708
21956421.0,1074648.0,1074333.0,2453051000,Baltimore Gas & Electric,White,2023-07-21 00:00:00,,204.69,,,194.46,py_1NYDvFKpjOcDqduzA7X1v27Q,2023-07-26 20:03:02.612
21639542.0,1435305.0,1434988.0,0051093005,Baltimore Gas & Electric,White,2023-06-27 00:00:00,,89.52,,,85.04,py_1NPt7XKpjOcDqduzpJMpbvgf,2023-07-03 20:13:16.951
22032582.0,1435305.0,1434988.0,0051093005,Baltimore Gas & Electric,White,2023-07-27 00:00:00,,121.84,,,115.75,py_1NaOqbKpjOcDqduzOz2XeELS,2023-08-01 20:07:14.313
21573125.0,2633156.0,2630236.0,8456997833,Baltimore Gas & Electric,White,2023-06-20 00:00:00,,57.54,,,54.660000000000004,py_1NNi4lKpjOcDqduzEr5MkCwc,2023-06-27 20:01:24.482
21956817.0,2633156.0,2630236.0,8456997833,Baltimore Gas & Electric,White,2023-07-20 00:00:00,,76.73,,,72.89,py_1NYDvwKpjOcDqduzkoouaTSP,2023-07-26 20:03:45.282
21556808.0,2636476.0,2635522.0,2796287133,Baltimore Gas & Electric,White,2023-06-16 00:00:00,,34.06,,,32.36,py_1NMz7hKpjOcDqduzu9tWJFAj,2023-06-25 20:01:26.08
21944302.0,2636476.0,2635522.0,2796287133,Baltimore Gas & Electric,White,2023-06-28 00:00:00,,71.5,,,67.93,py_1NXV4JKpjOcDqduzsdEulkg8,2023-07-24 20:09:24.566
21915258.0,999208.0,998874.0,5095433811,Baltimore Gas & Electric,White,2023-07-19 00:00:00,,74.88,,,71.14,py_1NXVEGKpjOcDqduzC0BlLr9p,2023-07-24 20:19:41.537
21547932.0,999208.0,998874.0,5095433811,Baltimore Gas & Electric,White,2023-06-19 00:00:00,,45.1,,,42.85,py_1NNLcbKpjOcDqduzW195877c,2023-06-26 20:02:50.005
21956377.0,907698.0,907361.0,3509831000,Baltimore Gas & Electric,White,2023-07-21 00:00:00,,132.42000000000002,,,125.8,py_1Na2JwKpjOcDqduzNawG90sx,2023-07-31 20:04:01.606
21572512.0,907698.0,907361.0,3509831000,Baltimore Gas & Electric,White,2023-06-21 00:00:00,,70.89,,,67.35,py_1NMz8PKpjOcDqduzyWsfxbKj,2023-06-25 20:02:10.882
21956436.0,1295728.0,1295411.0,9203841000,Baltimore Gas & Electric,White,2023-07-21 00:00:00,,219.12,,,208.16,py_1NYDvSKpjOcDqduz4X6MgoaF,2023-07-26 20:03:14.939
21572607.0,1295728.0,1295411.0,9203841000,Baltimore Gas & Electric,White,2023-06-21 00:00:00,,165.56,,,157.28,py_1NNLhhKpjOcDqduzihGfkxvE,2023-06-26 20:08:06.611
21547974.0,1318375.0,1318058.0,0297793051,Baltimore Gas & Electric,White,2023-06-17 00:00:00,,339.54,,285.07000000000005,270.82,py_1NMceDKpjOcDqduz4AJ0sYnc,2023-06-24 20:01:30.616
21547974.0,1318375.0,1318058.0,0297793051,Baltimore Gas & Electric,White,2023-06-17 00:00:00,,339.54,,285.07000000000005,270.82,py_1NMceDKpjOcDqduz4AJ0sYnc,2023-06-24 20:01:30.616
21547974.0,1318375.0,1318058.0,0297793051,Baltimore Gas & Electric,White,2023-06-17 00:00:00,,339.54,,285.07000000000005,942.66,,
21547974.0,1318375.0,1318058.0,0297793051,Baltimore Gas & Electric,White,2023-06-17 00:00:00,,339.54,,285.07000000000005,942.66,,
21915317.0,1318375.0,1318058.0,0297793051,Baltimore Gas & Electric,White,2023-07-19 00:00:00,,277.41,,378.18,359.27,py_1NYaQ4KpjOcDqduzTIcKHpcL,2023-07-27 20:04:21.767
21915317.0,1318375.0,1318058.0,0297793051,Baltimore Gas & Electric,White,2023-07-19 00:00:00,,277.41,,378.18,359.27,py_1NYaQ4KpjOcDqduzTIcKHpcL,2023-07-27 20:04:21.767
21915317.0,1318375.0,1318058.0,0297793051,Baltimore Gas & Electric,White,2023-07-19 00:00:00,,277.41,,378.18,935.38,,
21915317.0,1318375.0,1318058.0,0297793051,Baltimore Gas & Electric,White,2023-07-19 00:00:00,,277.41,,378.18,935.38,,
21895072.0,2077484.0,2075526.0,7035998503,Baltimore Gas & Electric,White,2023-07-18 00:00:00,,203.91,,,193.71,py_1NYT8sKpjOcDqduzGU39GN41,2023-07-27 12:18:07.05
21534253.0,2077484.0,2075526.0,7035998503,Baltimore Gas & Electric,White,2023-06-16 00:00:00,,164.03,,,155.83,py_1NNyBUKpjOcDqduzFrMzzoby,2023-06-28 13:13:24.995
22033115.0,2634956.0,2633059.0,4886190334,Baltimore Gas & Electric,White,2023-07-27 00:00:00,,93.76,,,89.07000000000001,py_1NdBlhKpjOcDqduzZrjhWQE9,2023-08-09 12:45:42.156
21639857.0,2634956.0,2633059.0,4886190334,Baltimore Gas & Electric,White,2023-06-27 00:00:00,,76.72,,,72.88,py_1NSJwbKpjOcDqduzUZRJ3AaG,2023-07-10 13:16:02.88
22032501.0,1281910.0,1281593.0,4437481339,Baltimore Gas & Electric,White,2023-07-27 00:00:00,,230.77,,,219.23000000000002,py_1NaOq7KpjOcDqduzfOAKZmCM,2023-08-01 20:06:44.109
21652323.0,1281910.0,1281593.0,4437481339,Baltimore Gas & Electric,White,2023-06-27 00:00:00,,133.34,,,126.67,py_1NQbuKKpjOcDqduz8AuXnFdI,2023-07-05 20:02:37.863
21572627.0,1347480.0,1347163.0,9781292518,Baltimore Gas & Electric,White,2023-06-21 00:00:00,,50.08,,,47.58,,
21572627.0,1347480.0,1347163.0,9781292518,Baltimore Gas & Electric,White,2023-06-21 00:00:00,,50.08,,,47.58,,
21572627.0,1347480.0,1347163.0,9781292518,Baltimore Gas & Electric,White,2023-06-21 00:00:00,,50.08,,,47.58,py_1NOgBOKpjOcDqduzPJGZo8Vy,2023-06-30 12:12:14.937
21572627.0,1347480.0,1347163.0,9781292518,Baltimore Gas & Electric,White,2023-06-21 00:00:00,,50.08,,,47.58,py_1NOgBOKpjOcDqduzPJGZo8Vy,2023-06-30 12:12:14.937
21956463.0,1347480.0,1347163.0,9781292518,Baltimore Gas & Electric,White,2023-07-21 00:00:00,,80.56,,,76.53,py_1Nb2TNKpjOcDqduzgUDxd8SA,2023-08-03 14:25:54.841
21943846.0,653314.0,653011.0,0234918980,Baltimore Gas & Electric,White,2023-07-20 00:00:00,,338.76,,,321.82,py_1NYwtXKpjOcDqduzBNowSJpa,2023-07-28 20:04:17.039
21556478.0,653314.0,653011.0,0234918980,Baltimore Gas & Electric,White,2023-06-20 00:00:00,,250.68,,,238.15,py_1NMcfIKpjOcDqduzUiNoThjT,2023-06-24 20:02:37.806
21597018.0,1327678.0,1327361.0,0117740000,Baltimore Gas & Electric,White,2023-06-21 00:00:00,,140.54,,,133.51,py_1NNLcdKpjOcDqduz98wGEWxw,2023-06-26 20:02:52.848
21986227.0,1327678.0,1327361.0,0117740000,Baltimore Gas & Electric,White,2023-07-21 00:00:00,,123.97,,,117.77,py_1Na2WvKpjOcDqduzWwXCpu31,2023-07-31 20:17:26.751
21554571.0,1293016.0,1292699.0,7592440000,Baltimore Gas & Electric,White,2023-06-16 00:00:00,,99.42,,,94.45,py_1NMcevKpjOcDqduzfAEXxxpH,2023-06-24 20:02:14.778
21933952.0,1293016.0,1292699.0,7592440000,Baltimore Gas & Electric,White,2023-07-18 00:00:00,,93.45,,,88.78,py_1NYwtgKpjOcDqduzENGkfkDf,2023-07-28 20:04:25.864
21611965.0,1104021.0,1103706.0,0073034282,Baltimore Gas & Electric,White,2023-06-23 00:00:00,,129.34,,,122.87,py_1NQr6TKpjOcDqduzYon2CZ8r,2023-07-06 12:16:10.018
22001137.0,1104021.0,1103706.0,0073034282,Baltimore Gas & Electric,White,2023-07-25 00:00:00,,154.83,,,147.09,py_1Nb0YRKpjOcDqduzctSbrnGY,2023-08-03 12:23:00.783
22032546.0,1316931.0,1316614.0,9096057730,Baltimore Gas & Electric,White,2023-07-27 00:00:00,,110.18,,,104.67,py_1NbUAsKpjOcDqduzX4ywW1fu,2023-08-04 20:00:39.478
21639540.0,1316931.0,1316614.0,9096057730,Baltimore Gas & Electric,White,2023-06-27 00:00:00,,92.37,,,87.75,py_1NQbt7KpjOcDqduzOn98CveE,2023-07-05 20:01:22.752
22294484.0,985738.0,985404.0,8801751000,Baltimore Gas & Electric,White,2023-08-14 00:00:00,,59.99,,,56.99,,
21986204.0,985738.0,985404.0,8801751000,Baltimore Gas & Electric,White,2023-07-25 00:00:00,,54.01,,,51.31,py_1NZJNkKpjOcDqduzObJEQV4h,2023-07-29 20:04:57.367
21611957.0,985738.0,985404.0,8801751000,Baltimore Gas & Electric,White,2023-06-23 00:00:00,,66.9,,,63.56,py_1NNi5mKpjOcDqduzKWnxwnjr,2023-06-27 20:02:27.1
22032518.0,1256579.0,1256262.0,8074591062,Baltimore Gas & Electric,White,2023-07-27 00:00:00,,53.550000000000004,,,50.870000000000005,py_1NaOpsKpjOcDqduz5EivaktS,2023-08-01 20:06:29.467
21639461.0,1256579.0,1256262.0,8074591062,Baltimore Gas & Electric,White,2023-06-27 00:00:00,,38.68,,,36.75,py_1NPt7xKpjOcDqduztFcaRlVz,2023-07-03 20:13:42.592
21534584.0,2635016.0,2633125.0,3816716166,Baltimore Gas & Electric,White,2023-06-16 00:00:00,,307.33,,,291.96,py_1NLAlCKpjOcDqduz2X6ZJjG6,2023-06-20 20:02:43.927
21895308.0,2635016.0,2633125.0,3816716166,Baltimore Gas & Electric,White,2023-07-18 00:00:00,,241.52,,,229.44,py_1NWm3BKpjOcDqduzT4naIYID,2023-07-22 20:05:13.96
21655577.0,1289633.0,1289316.0,3193168895,Baltimore Gas & Electric,White,2023-06-27 00:00:00,,131.03,,,124.48,py_1NT2ttKpjOcDqduz8LOO5GDG,2023-07-12 13:16:14.232
22046451.0,1289633.0,1289316.0,3193168895,Baltimore Gas & Electric,White,2023-07-27 00:00:00,,177.98,,,169.08,py_1NdYo6KpjOcDqduzf5ZqYrBR,2023-08-10 13:21:43.651
22032544.0,1317074.0,1316757.0,3499182383,Baltimore Gas & Electric,White,2023-07-27 00:00:00,,208.83,,,198.39000000000001,py_1NbNW6KpjOcDqduzXlLiDP9H,2023-08-04 12:54:07.453
21639512.0,1317074.0,1316757.0,3499182383,Baltimore Gas & Electric,White,2023-06-27 00:00:00,,280.79,,,266.75,py_1NRGCSKpjOcDqduz5PNPiTIx,2023-07-07 15:04:01.573
21636014.0,1656872.0,1656552.0,1004880000,Baltimore Gas & Electric,White,2023-06-21 00:00:00,,96.2,,,91.39,py_1NPt64KpjOcDqduzGpA2wtrk,2023-07-03 20:11:44.974
22025261.0,1656872.0,1656552.0,1004880000,Baltimore Gas & Electric,White,2023-07-21 00:00:00,,103.58,,,98.4,py_1NaOomKpjOcDqduz5225vTln,2023-08-01 20:05:21.687
21547930.0,999131.0,998797.0,2902098912,Baltimore Gas & Electric,White,2023-06-19 00:00:00,,29.62,,,28.14,py_1NNLcMKpjOcDqduzLeqBQCHT,2023-06-26 20:02:35.074
21915262.0,999131.0,998797.0,2902098912,Baltimore Gas & Electric,White,2023-07-19 00:00:00,,53.08,,,50.43,py_1NXVDZKpjOcDqduzA1OHTEuL,2023-07-24 20:18:58.446
21943858.0,998179.0,997845.0,3845794074,Baltimore Gas & Electric,White,2023-07-20 00:00:00,,296.14,,,281.33,py_1NXV2sKpjOcDqduzNxVJciWZ,2023-07-24 20:07:55.869
21556516.0,998179.0,997845.0,3845794074,Baltimore Gas & Electric,White,2023-06-20 00:00:00,,229.4,,,217.93,py_1NMceuKpjOcDqduzMotLIyQY,2023-06-24 20:02:13.998
21999916.0,849245.0,1706656.0,6258760000,Baltimore Gas & Electric,White,2023-07-24 00:00:00,,102.59,,,97.46000000000001,py_1Na2bqKpjOcDqduze7zEbF6N,2023-07-31 20:22:31.687
21597130.0,849245.0,1706656.0,6258760000,Baltimore Gas & Electric,White,2023-06-22 00:00:00,,52.910000000000004,,,50.26,py_1NNi5dKpjOcDqduzKAdtirdP,2023-06-27 20:02:18.938
21954510.0,192086.0,39093.0,0788550000,Baltimore Gas & Electric,White,2023-07-18 00:00:00,,142.70000000000002,,,135.57,py_1NYDtVKpjOcDqduz94Tf3rm4,2023-07-26 20:01:14.69
21554141.0,192086.0,39093.0,0788550000,Baltimore Gas & Electric,White,2023-06-16 00:00:00,,65.05,,,61.800000000000004,py_1NNLegKpjOcDqduztMkoHqSw,2023-06-26 20:04:59.521
21986230.0,1303715.0,1303398.0,2452746180,Baltimore Gas & Electric,White,2023-07-21 00:00:00,,107.09,,,101.74000000000001,py_1Na2WgKpjOcDqduz2m13MkjI,2023-07-31 20:17:11.947
21597012.0,1303715.0,1303398.0,2452746180,Baltimore Gas & Electric,White,2023-06-21 00:00:00,,44.19,,,41.980000000000004,py_1NOnVZKpjOcDqduzwSB3bjwg,2023-06-30 20:01:34.616
21542399.0,2333019.0,2275860.0,7587149633,Baltimore Gas & Electric,White,2023-06-14 00:00:00,,7.82,,,7.43,py_1NNxEeKpjOcDqduzLZTQiSbW,2023-06-28 12:12:37.364
21639431.0,904993.0,904656.0,5075451000,Baltimore Gas & Electric,White,2023-06-27 00:00:00,,88.38,,,83.96000000000001,py_1NPt7WKpjOcDqduzV4iMDpoA,2023-07-03 20:13:15.646
22032444.0,904993.0,904656.0,5075451000,Baltimore Gas & Electric,White,2023-07-27 00:00:00,,117.07000000000001,,,111.22,py_1NaOqZKpjOcDqduzrRdrCCtD,2023-08-01 20:07:12.655
21986209.0,1300425.0,1300108.0,7736363900,Baltimore Gas & Electric,White,2023-07-24 00:00:00,,99.58,,,94.60000000000001,py_1Na2WwKpjOcDqduzEvkbgbuF,2023-07-31 20:17:27.438
21596970.0,1300425.0,1300108.0,7736363900,Baltimore Gas & Electric,White,2023-06-22 00:00:00,,85.0,,,80.75,py_1NOnVTKpjOcDqduzGDQRoQqP,2023-06-30 20:01:28.155
21956437.0,1324479.0,1324162.0,1059030000,Baltimore Gas & Electric,White,2023-07-19 00:00:00,,364.88,,,346.64,py_1NXrTqKpjOcDqduzgUCKurss,2023-07-25 20:05:14.984
21556542.0,1324479.0,1324162.0,1059030000,Baltimore Gas & Electric,White,2023-06-19 00:00:00,,307.33,,,291.96,py_1NMcf7KpjOcDqduzvdahdeED,2023-06-24 20:02:26.606
21985988.0,876080.0,875743.0,3990910000,Baltimore Gas & Electric,White,2023-07-21 00:00:00,,232.1,,,220.5,py_1Na2XLKpjOcDqduzFuh6INw3,2023-07-31 20:17:52.483
21596887.0,876080.0,875743.0,3990910000,Baltimore Gas & Electric,White,2023-06-21 00:00:00,,148.09,,,140.69,py_1NNi5cKpjOcDqduzkGnhXQU4,2023-06-27 20:02:17.594
21894986.0,991254.0,990920.0,0118760343,Baltimore Gas & Electric,White,2023-07-18 00:00:00,,69.35000000000001,,,65.88,py_1NYU1cKpjOcDqduzJih4R3aA,2023-07-27 13:14:40.94
21534150.0,991254.0,990920.0,0118760343,Baltimore Gas & Electric,White,2023-06-16 00:00:00,,55.230000000000004,,,52.47,py_1NNEPGKpjOcDqduzR296u7mi,2023-06-26 12:20:35.07
22032517.0,1290069.0,1289752.0,8893306508,Baltimore Gas & Electric,White,2023-07-27 00:00:00,,165.41,,,157.14000000000001,py_1NbN5CKpjOcDqduzjVO5tma5,2023-08-04 12:26:19.863
21639427.0,1290069.0,1289752.0,8893306508,Baltimore Gas & Electric,White,2023-06-27 00:00:00,,143.77,,,136.58,py_1NRGMsKpjOcDqduzKM0BmKRF,2023-07-07 15:14:47.536
22044570.0,1305604.0,1305287.0,7461501330,Baltimore Gas & Electric,White,2023-07-07 00:00:00,,30.830000000000002,,,29.29,py_1NcSZoKpjOcDqduz0253igXl,2023-08-07 12:30:25.744
21652322.0,1305604.0,1305287.0,7461501330,Baltimore Gas & Electric,White,2023-06-26 00:00:00,,38.89,,,36.95,py_1NRFLKKpjOcDqduzRU3eaMpG,2023-07-07 14:09:07.337
21547942.0,1068042.0,1067727.0,8413837784,Baltimore Gas & Electric,White,2023-06-19 00:00:00,,60.730000000000004,,,57.69,py_1NNLcLKpjOcDqduz4OJsK3Yu,2023-06-26 20:02:34.886
21966539.0,1068042.0,1067727.0,8413837784,Baltimore Gas & Electric,White,2023-07-19 00:00:00,,94.59,,,89.86,py_1NYwwQKpjOcDqduzngy1Hfq0,2023-07-28 20:07:15.308
21572630.0,1354048.0,1353731.0,1930231000,Baltimore Gas & Electric,White,2023-06-21 00:00:00,,120.5,,,114.48,py_1NMz8AKpjOcDqduzxkPRx6Xe,2023-06-25 20:01:55.827
21956451.0,1354048.0,1353731.0,1930231000,Baltimore Gas & Electric,White,2023-07-21 00:00:00,,103.9,,,98.71000000000001,py_1Na2JfKpjOcDqduzZR4djvud,2023-07-31 20:03:44.28
21617080.0,1664949.0,1664629.0,3918379389,Baltimore Gas & Electric,White,2023-06-23 00:00:00,,80.25,,,76.24,py_1NOR1uKpjOcDqduzpmeW1fhN,2023-06-29 20:01:27.931
21999903.0,1664949.0,1664629.0,3918379389,Baltimore Gas & Electric,White,2023-07-25 00:00:00,,89.0,,,84.55,py_1Na2blKpjOcDqduzCfoQ39nK,2023-07-31 20:22:26.798
21639548.0,1329332.0,1329015.0,6497731000,Baltimore Gas & Electric,White,2023-06-27 00:00:00,,117.55,,,111.67,py_1NPt7UKpjOcDqduzI0VDEAoE,2023-07-03 20:13:13.495
22032559.0,1329332.0,1329015.0,6497731000,Baltimore Gas & Electric,White,2023-07-27 00:00:00,,147.99,,,140.59,py_1NbUB9KpjOcDqduzjY6o8TP0,2023-08-04 20:00:56.179
22004489.0,1289790.0,1289473.0,7174270000,Baltimore Gas & Electric,White,2023-07-21 00:00:00,,319.31,,,303.34000000000003,py_1Na2bqKpjOcDqduzHc0y8CrU,2023-07-31 20:22:31.387
21635866.0,1289790.0,1289473.0,7174270000,Baltimore Gas & Electric,White,2023-06-22 00:00:00,,238.91,,,226.96,py_1NPt6NKpjOcDqduzQ3ZuSq5X,2023-07-03 20:12:04.836
22032500.0,1271004.0,1270687.0,8628978210,Baltimore Gas & Electric,White,2023-07-27 00:00:00,,152.05,,,144.45000000000002,py_1NaOqBKpjOcDqduzSmSzH3d9,2023-08-01 20:06:48.379
21639441.0,1271004.0,1270687.0,8628978210,Baltimore Gas & Electric,White,2023-06-27 00:00:00,,116.15,,,110.34,py_1NPt89KpjOcDqduzZZcouU8U,2023-07-03 20:13:54.238
21943909.0,1283273.0,1282956.0,7449021260,Baltimore Gas & Electric,White,2023-07-20 00:00:00,,194.35,,,184.63,py_1NXrX9KpjOcDqduzln15IECy,2023-07-25 20:08:40.462
21556533.0,1283273.0,1282956.0,7449021260,Baltimore Gas & Electric,White,2023-06-20 00:00:00,,155.59,,,147.81,py_1NNLfrKpjOcDqduzPEQ995qz,2023-06-26 20:06:12.744
21915222.0,665072.0,664762.0,3078913222,Baltimore Gas & Electric,White,2023-07-19 00:00:00,,124.43,,,118.21000000000001,py_1NX8WBKpjOcDqduzUfUx9J8W,2023-07-23 20:04:40.072
21547911.0,665072.0,664762.0,3078913222,Baltimore Gas & Electric,White,2023-06-19 00:00:00,,140.54,,,133.51,py_1NMH8ZKpjOcDqduzKYWOuYaN,2023-06-23 21:03:24.289
21565378.0,1281231.0,1280914.0,3911811000,Baltimore Gas & Electric,White,2023-06-19 00:00:00,,12.120000000000001,,,11.51,py_1NNi4HKpjOcDqduzrJkrQtbT,2023-06-27 20:00:54.092
21954722.0,1281231.0,1280914.0,3911811000,Baltimore Gas & Electric,White,2023-07-19 00:00:00,,24.54,,,23.31,py_1NYDtwKpjOcDqduz8sQXPVlB,2023-07-26 20:01:41.262
21943828.0,77295.0,280916.0,2075320000,Baltimore Gas & Electric,White,2023-07-20 00:00:00,,42.65,,,40.52,py_1NYaQtKpjOcDqduzkFqD4m1V,2023-07-27 20:05:12.042
21556459.0,77295.0,280916.0,2075320000,Baltimore Gas & Electric,White,2023-06-20 00:00:00,,38.21,,,36.300000000000004,py_1NMcf4KpjOcDqduzNIakqrh5,2023-06-24 20:02:23.469
21597023.0,1327166.0,1326849.0,8683711000,Baltimore Gas & Electric,White,2023-06-21 00:00:00,,162.18,,,154.07,py_1NNLceKpjOcDqduz01AaKZhb,2023-06-26 20:02:53.37
21986238.0,1327166.0,1326849.0,8683711000,Baltimore Gas & Electric,White,2023-07-21 00:00:00,,168.01,,,159.61,py_1NZJNSKpjOcDqduzGwoZKY3F,2023-07-29 20:04:39.438
21611984.0,1299276.0,1298959.0,8553780000,Baltimore Gas & Electric,White,2023-06-23 00:00:00,,285.08,,,270.83,py_1NNi5kKpjOcDqduzW0QZ9rj4,2023-06-27 20:02:25.118
21999760.0,1299276.0,1298959.0,8553780000,Baltimore Gas & Electric,White,2023-07-25 00:00:00,,307.03000000000003,,,291.68,py_1NZfqHKpjOcDqduzCnGKVcii,2023-07-30 20:03:54.104
21457634.0,1285541.0,1285224.0,6699371000,Baltimore Gas & Electric,White,2023-06-09 00:00:00,,214.19,,,203.48000000000002,py_1NJMMkKpjOcDqduzoakpQ9rS,2023-06-15 20:01:59.765
22044539.0,1269787.0,1269470.0,2429390000,Baltimore Gas & Electric,White,2023-07-27 00:00:00,,106.79,,,101.45,py_1NbUDIKpjOcDqduz5Ynz8wmB,2023-08-04 20:03:09.639
21652328.0,1269787.0,1269470.0,2429390000,Baltimore Gas & Electric,White,2023-06-27 00:00:00,,66.9,,,63.56,py_1NPWSWKpjOcDqduz7FWBzrDl,2023-07-02 20:01:25.608
22004507.0,1332867.0,1332550.0,6987630000,Baltimore Gas & Electric,White,2023-07-26 00:00:00,,164.65,,,156.42000000000002,py_1Nb1YXKpjOcDqduzjivEapBt,2023-08-03 13:27:10.859
21635935.0,1332867.0,1332550.0,6987630000,Baltimore Gas & Electric,White,2023-06-26 00:00:00,,114.46000000000001,,,108.74000000000001,py_1NREsOKpjOcDqduznKGXniIi,2023-07-07 13:39:12.949
21999772.0,1338984.0,1338667.0,3740590000,Baltimore Gas & Electric,White,2023-07-25 00:00:00,,38.050000000000004,,,36.15,py_1Na2bjKpjOcDqduzo5NcWkwD,2023-07-31 20:22:24.271
21617014.0,1338984.0,1338667.0,3740590000,Baltimore Gas & Electric,White,2023-06-23 00:00:00,,28.23,,,26.82,py_1NOR1jKpjOcDqduzFmgDA9vL,2023-06-29 20:01:16.986
22032436.0,872371.0,872034.0,5108540000,Baltimore Gas & Electric,White,2023-07-27 00:00:00,,36.82,,,34.980000000000004,py_1NaOqHKpjOcDqduzdE8ZwCaZ,2023-08-01 20:06:54.003
21639513.0,872371.0,872034.0,5108540000,Baltimore Gas & Electric,White,2023-06-27 00:00:00,,26.77,,,25.43,py_1NPt7FKpjOcDqduzKuxv3TEx,2023-07-03 20:12:58.824
22032463.0,1021025.0,1020691.0,0777600000,Baltimore Gas & Electric,White,2023-07-27 00:00:00,,290.06,,,275.56,py_1NaOq0KpjOcDqduzDasAG1ij,2023-08-01 20:06:37.082
21639428.0,1021025.0,1020691.0,0777600000,Baltimore Gas & Electric,White,2023-06-27 00:00:00,,213.19,,,202.53,py_1NPt8OKpjOcDqduzH4hRqER2,2023-07-03 20:14:09.691
21639429.0,1122549.0,1122234.0,2978909155,Baltimore Gas & Electric,White,2023-06-27 00:00:00,,144.62,,,137.39000000000001,py_1NPA3GKpjOcDqduzzlF1KJ99,2023-07-01 20:05:51.017
22032499.0,1122549.0,1122234.0,2978909155,Baltimore Gas & Electric,White,2023-07-27 00:00:00,,150.35,,,142.83,py_1Na2OYKpjOcDqduzA2rbRvY8,2023-07-31 20:08:47.373
21986138.0,50469.0,346604.0,6862601000,Baltimore Gas & Electric,White,2023-07-25 00:00:00,,176.6,,,167.77,py_1Nb2J7KpjOcDqduzu7dzRqs8,2023-08-03 14:15:18.272
21611893.0,50469.0,346604.0,6862601000,Baltimore Gas & Electric,White,2023-06-23 00:00:00,,172.77,,,164.13,py_1NPmYYKpjOcDqduz8xF9doSn,2023-07-03 13:12:43.876
21895011.0,1297531.0,1297214.0,5060652611,Baltimore Gas & Electric,White,2023-07-18 00:00:00,,73.96000000000001,,,70.26,py_1NWm2PKpjOcDqduzdGfBIRKh,2023-07-22 20:04:26.197
21534200.0,1297531.0,1297214.0,5060652611,Baltimore Gas & Electric,White,2023-06-16 00:00:00,,86.23,,,81.92,py_1NLAkpKpjOcDqduzUlTgPtmn,2023-06-20 20:02:21.024
21701860.0,1292062.0,1291745.0,5608100000,Baltimore Gas & Electric,White,2023-06-27 00:00:00,,116.76,,,110.92,py_1NTOuGKpjOcDqduzJ8gBBXZk,2023-07-13 12:46:05.46
22054198.0,1292062.0,1291745.0,5608100000,Baltimore Gas & Electric,White,2023-07-27 00:00:00,,112.93,,,107.28,py_1NdY7aKpjOcDqduzaoVEIxJC,2023-08-10 12:37:47.631
21611962.0,1121473.0,1121158.0,0219910326,Baltimore Gas & Electric,White,2023-06-23 00:00:00,,207.6,,,197.22,py_1NPmXVKpjOcDqduz44hZrsfa,2023-07-03 13:11:38.916
21986200.0,1121473.0,1121158.0,0219910326,Baltimore Gas & Electric,White,2023-07-25 00:00:00,,237.98000000000002,,,226.08,py_1Nb0LXKpjOcDqduzDDiWdIp9,2023-08-03 12:09:40.65
21556591.0,1711098.0,1710778.0,5015029631,Baltimore Gas & Electric,White,2023-06-20 00:00:00,,82.55,,,78.42,py_1NMcfNKpjOcDqduzRfWlTthj,2023-06-24 20:02:42.865
21943946.0,1711098.0,1710778.0,5015029631,Baltimore Gas & Electric,White,2023-07-20 00:00:00,,112.01,,,106.41,py_1NXV3cKpjOcDqduzHCC7abQd,2023-07-24 20:08:41.836
21556813.0,2636439.0,2635483.0,9628205020,Baltimore Gas & Electric,White,2023-06-20 00:00:00,,77.93,,,74.03,py_1NMcfEKpjOcDqduzvMCr6hjT,2023-06-24 20:02:33.198
21944317.0,2636439.0,2635483.0,9628205020,Baltimore Gas & Electric,White,2023-07-20 00:00:00,,70.42,,,66.9,py_1NXV4HKpjOcDqduzGMGDFzT1,2023-07-24 20:09:22.745
21943895.0,1288970.0,1288653.0,4576256877,Baltimore Gas & Electric,White,2023-07-20 00:00:00,,193.9,,,184.21,py_1NXV35KpjOcDqduz38W7yNMP,2023-07-24 20:08:08.833
21556544.0,1288970.0,1288653.0,4576256877,Baltimore Gas & Electric,White,2023-06-20 00:00:00,,123.5,,,117.33,py_1NMcfFKpjOcDqduzQfRzziCr,2023-06-24 20:02:34.813
22054207.0,2499160.0,2387705.0,7780704959,Baltimore Gas & Electric,White,2023-07-27 00:00:00,,41.12,,,39.06,py_1NcZe7KpjOcDqduzjNv4za42,2023-08-07 20:03:20.164
21702364.0,2499160.0,2387705.0,7780704959,Baltimore Gas & Electric,White,2023-06-27 00:00:00,,34.980000000000004,,,33.230000000000004,py_1NQFQLKpjOcDqduzpkpoCdEu,2023-07-04 20:02:10.713
21895005.0,1302846.0,1302529.0,3724000000,Baltimore Gas & Electric,White,2023-07-18 00:00:00,,232.25,,,220.64000000000001,py_1NWm29KpjOcDqduz3QRNycTY,2023-07-22 20:04:10.071
21534201.0,1302846.0,1302529.0,3724000000,Baltimore Gas & Electric,White,2023-06-16 00:00:00,,195.5,,,185.73,py_1NLAkrKpjOcDqduz7MsQrCaj,2023-06-20 20:02:22.643
21547957.0,1290386.0,1290069.0,8165101000,Baltimore Gas & Electric,White,2023-06-19 00:00:00,,45.26,,,43.0,py_1NNLcRKpjOcDqduzruMNV5FL,2023-06-26 20:02:39.936
21915295.0,1290386.0,1290069.0,8165101000,Baltimore Gas & Electric,White,2023-07-19 00:00:00,,68.9,,,65.46000000000001,py_1NXVEcKpjOcDqduzFV47mo30,2023-07-24 20:20:03.965
21596965.0,1283402.0,1283085.0,4510402000,Baltimore Gas & Electric,White,2023-06-21 00:00:00,,119.68,,,113.7,py_1NNLcfKpjOcDqduz96cImrPl,2023-06-26 20:02:54.381
21987222.0,1283402.0,1283085.0,4510402000,Baltimore Gas & Electric,White,2023-07-21 00:00:00,,155.44,,,147.67000000000002,py_1NZJOZKpjOcDqduz82gjNZ5S,2023-07-29 20:05:49.108
21894993.0,1288979.0,1288662.0,9299274760,Baltimore Gas & Electric,White,2023-07-18 00:00:00,,75.5,,,71.73,py_1NXrRFKpjOcDqduzwcHCczay,2023-07-25 20:02:34.708
21534178.0,1288979.0,1288662.0,9299274760,Baltimore Gas & Electric,White,2023-06-16 00:00:00,,67.2,,,63.84,py_1NMGAZKpjOcDqduzipxnl83q,2023-06-23 20:01:24.593
21534178.0,1288979.0,1288662.0,9299274760,Baltimore Gas & Electric,White,2023-06-16 00:00:00,,67.2,,,63.84,py_1NMGAZKpjOcDqduzipxnl83q,2023-06-23 20:01:24.593
21534178.0,1288979.0,1288662.0,9299274760,Baltimore Gas & Electric,White,2023-06-16 00:00:00,,67.2,,,63.84,,
21534178.0,1288979.0,1288662.0,9299274760,Baltimore Gas & Electric,White,2023-06-16 00:00:00,,67.2,,,63.84,,
22032557.0,1322773.0,1322456.0,5530197246,Baltimore Gas & Electric,White,2023-07-21 00:00:00,,298.51,,,283.58,py_1NaOpvKpjOcDqduzWFWjYqFu,2023-08-01 20:06:32.334
22032507.0,1289336.0,1289019.0,8138350000,Baltimore Gas & Electric,White,2023-07-27 00:00:00,,355.38,,,337.61,py_1NaOqBKpjOcDqduzXHamXl0e,2023-08-01 20:06:48.729
21639448.0,1289336.0,1289019.0,8138350000,Baltimore Gas & Electric,White,2023-06-27 00:00:00,,157.12,,,149.26,,
21639448.0,1289336.0,1289019.0,8138350000,Baltimore Gas & Electric,White,2023-06-27 00:00:00,,157.12,,,149.26,,
21639448.0,1289336.0,1289019.0,8138350000,Baltimore Gas & Electric,White,2023-06-27 00:00:00,,157.12,,,149.26,py_1NQbt3KpjOcDqduzUQEm9BGC,2023-07-05 20:01:18.455
21639448.0,1289336.0,1289019.0,8138350000,Baltimore Gas & Electric,White,2023-06-27 00:00:00,,157.12,,,149.26,py_1NQbt3KpjOcDqduzUQEm9BGC,2023-07-05 20:01:18.455
21572520.0,871747.0,871410.0,8155480000,Baltimore Gas & Electric,White,2023-06-21 00:00:00,,22.85,,,21.71,py_1NNLhcKpjOcDqduzUvw23fNF,2023-06-26 20:08:01.174
21962702.0,871747.0,871410.0,8155480000,Baltimore Gas & Electric,White,2023-07-21 00:00:00,,30.23,,,28.72,py_1NYaMSKpjOcDqduzG6710ufC,2023-07-27 20:00:37.151
22004499.0,1343197.0,1342880.0,6192371539,Baltimore Gas & Electric,White,2023-07-26 00:00:00,,48.870000000000005,,,46.43,py_1NaOkkKpjOcDqduzEMR3o6LX,2023-08-01 20:01:11.589
21635909.0,1343197.0,1342880.0,6192371539,Baltimore Gas & Electric,White,2023-06-26 00:00:00,,38.36,,,36.44,py_1NPt6BKpjOcDqduz2m3aVsYg,2023-07-03 20:11:52.133
21572606.0,1289789.0,1289472.0,5987689359,Baltimore Gas & Electric,White,2023-06-21 00:00:00,,84.7,,,80.47,py_1NNLhvKpjOcDqduzqeud8z8R,2023-06-26 20:08:20.727
21956424.0,1289789.0,1289472.0,5987689359,Baltimore Gas & Electric,White,2023-07-21 00:00:00,,108.64,,,103.21000000000001,py_1NXrUMKpjOcDqduz8QU9hNw4,2023-07-25 20:05:47.871
21954672.0,944143.0,943807.0,5142460000,Baltimore Gas & Electric,White,2023-07-20 00:00:00,,146.07,,,138.77,py_1NXrRYKpjOcDqduzxRtnCjfA,2023-07-25 20:02:53.517
21556498.0,944143.0,943807.0,5142460000,Baltimore Gas & Electric,White,2023-06-20 00:00:00,,121.67,,,115.59,py_1NMcfHKpjOcDqduzztk7o4L7,2023-06-24 20:02:36.623
22032441.0,871785.0,871448.0,3712573014,Baltimore Gas & Electric,White,2023-07-27 00:00:00,,158.95000000000002,,,151.0,py_1NaOqNKpjOcDqduz0LnsHCUJ,2023-08-01 20:07:00.536
21639466.0,871785.0,871448.0,3712573014,Baltimore Gas & Electric,White,2023-06-27 00:00:00,,123.5,,,117.33,py_1NPt7OKpjOcDqduzAdpAc8D3,2023-07-03 20:13:07.104
21556517.0,1003861.0,1003527.0,3685283893,Baltimore Gas & Electric,White,2023-06-20 00:00:00,,151.98,,,144.38,py_1NNLfsKpjOcDqduzQhq2Khdo,2023-06-26 20:06:13.265
21943880.0,1003861.0,1003527.0,3685283893,Baltimore Gas & Electric,White,2023-07-20 00:00:00,,204.39000000000001,,,194.17000000000002,py_1NXrWJKpjOcDqduzoA7y6lyc,2023-07-25 20:07:48.062
21639433.0,1289009.0,1288692.0,9595500693,Baltimore Gas & Electric,White,2023-06-27 00:00:00,,107.09,,,101.74000000000001,py_1NPt7HKpjOcDqduzhOxy0ylS,2023-07-03 20:13:00.162
22032519.0,1289009.0,1288692.0,9595500693,Baltimore Gas & Electric,White,2023-07-27 00:00:00,,148.54,,,141.11,py_1NaOq7KpjOcDqduzbv5OZKuo,2023-08-01 20:06:44.468
21639508.0,1301400.0,1301083.0,5147225532,Baltimore Gas & Electric,White,2023-06-27 00:00:00,,104.48,,,99.26,py_1NPt8FKpjOcDqduz8M0s777Y,2023-07-03 20:14:00.496
22032569.0,1301400.0,1301083.0,5147225532,Baltimore Gas & Electric,White,2023-07-27 00:00:00,,168.01,,,159.61,py_1NaOqTKpjOcDqduz15eK6zSf,2023-08-01 20:07:06.393
21962833.0,1678093.0,1677773.0,0234061000,Baltimore Gas & Electric,White,2023-07-20 00:00:00,,116.3,,,110.49000000000001,py_1NYaN1KpjOcDqduzKex1X0E2,2023-07-27 20:01:12.673
21590666.0,1678093.0,1677773.0,0234061000,Baltimore Gas & Electric,White,2023-06-20 00:00:00,,143.47,,,136.3,py_1NNi4vKpjOcDqduzJLjWOjYn,2023-06-27 20:01:34.677
22032679.0,1930614.0,1928728.0,1840173457,Baltimore Gas & Electric,White,2023-07-27 00:00:00,,167.4,,,159.03,py_1Na2P5KpjOcDqduzgUzKBe03,2023-07-31 20:09:19.915
21639564.0,1930614.0,1928728.0,1840173457,Baltimore Gas & Electric,White,2023-06-27 00:00:00,,138.55,,,131.62,py_1NPA2pKpjOcDqduz87Do6Oky,2023-07-01 20:05:24.43
21999706.0,1139230.0,1138915.0,9179538986,Baltimore Gas & Electric,White,2023-07-24 00:00:00,,126.12,,,119.81,py_1NZfppKpjOcDqduzlDdSNFTo,2023-07-30 20:03:26.058
21609663.0,1139230.0,1138915.0,9179538986,Baltimore Gas & Electric,White,2023-06-22 00:00:00,,99.57000000000001,,,94.59,py_1NNi4kKpjOcDqduzBm3GcG5d,2023-06-27 20:01:23.398
21556553.0,1335814.0,1335497.0,9457293646,Baltimore Gas & Electric,White,2023-06-19 00:00:00,,325.28000000000003,,,309.02,py_1NNLfSKpjOcDqduzv7RqzI6V,2023-06-26 20:05:47.681
21956457.0,1335814.0,1335497.0,9457293646,Baltimore Gas & Electric,White,2023-07-19 00:00:00,,451.11,,,428.55,py_1NYDvTKpjOcDqduzLByAdhHU,2023-07-26 20:03:16.374
21915296.0,1268932.0,1268615.0,5754638592,Baltimore Gas & Electric,White,2023-07-19 00:00:00,,245.33,,,233.06,py_1NX8W4KpjOcDqduzKrikodQM,2023-07-23 20:04:33.446
21547952.0,1268932.0,1268615.0,5754638592,Baltimore Gas & Electric,White,2023-06-19 00:00:00,,142.42000000000002,,,135.3,py_1NMGBWKpjOcDqduzSJ9cW38P,2023-06-23 20:02:23.279
21915329.0,1351436.0,1351119.0,6339677297,Baltimore Gas & Electric,White,2023-07-19 00:00:00,,66.44,,,63.120000000000005,py_1NX8W9KpjOcDqduz7lsLP8Tf,2023-07-23 20:04:38.331
21547967.0,1351436.0,1351119.0,6339677297,Baltimore Gas & Electric,White,2023-06-19 00:00:00,,70.74,,,67.2,py_1NMGBNKpjOcDqduz5KInRXlN,2023-06-23 20:02:14.488
22032570.0,1391019.0,1390702.0,4668249370,Baltimore Gas & Electric,White,2023-07-17 00:00:00,,163.66,,,155.48,py_1NaOqMKpjOcDqduz45aQ75G4,2023-08-01 20:06:58.994
21639529.0,1391019.0,1390702.0,4668249370,Baltimore Gas & Electric,White,2023-06-27 00:00:00,,107.06,,,101.71000000000001,py_1NQbtAKpjOcDqduz6cVcE8gW,2023-07-05 20:01:25.011
21639529.0,1391019.0,1390702.0,4668249370,Baltimore Gas & Electric,White,2023-06-27 00:00:00,,107.06,,,101.71000000000001,py_1NQbtAKpjOcDqduz6cVcE8gW,2023-07-05 20:01:25.011
21639529.0,1391019.0,1390702.0,4668249370,Baltimore Gas & Electric,White,2023-06-27 00:00:00,,107.06,,,101.71000000000001,,
21639529.0,1391019.0,1390702.0,4668249370,Baltimore Gas & Electric,White,2023-06-27 00:00:00,,107.06,,,101.71000000000001,,
21703630.0,2075274.0,2073316.0,2264391862,Baltimore Gas & Electric,White,2023-06-27 00:00:00,,67.51,,,64.13,py_1NSJOVKpjOcDqduzP2bHKTnP,2023-07-10 12:40:48.127
22137032.0,2075274.0,2073316.0,2264391862,Baltimore Gas & Electric,White,2023-07-27 00:00:00,,94.97,,,90.22,py_1NduAKKpjOcDqduzvlBJqhPB,2023-08-11 12:10:05.476
21597016.0,1338471.0,1338154.0,0990511000,Baltimore Gas & Electric,White,2023-06-22 00:00:00,,196.55,,,186.72,py_1NNLcfKpjOcDqduzkmeO2Cmc,2023-06-26 20:02:54.646
21986235.0,1338471.0,1338154.0,0990511000,Baltimore Gas & Electric,White,2023-07-24 00:00:00,,163.11,,,154.95000000000002,py_1NZJNNKpjOcDqduzjgJYFQzI,2023-07-29 20:04:33.986
21701948.0,1731775.0,1731451.0,8759212000,Baltimore Gas & Electric,White,2023-06-27 00:00:00,,101.89,,,96.8,py_1NQbyBKpjOcDqduzVAoI2Ebi,2023-07-05 20:06:36.767
22046476.0,1731775.0,1731451.0,8759212000,Baltimore Gas & Electric,White,2023-07-27 00:00:00,,95.12,,,90.36,py_1NcZc2KpjOcDqduz3dOG1U8m,2023-08-07 20:01:11.96
21548232.0,2635099.0,2633219.0,2002303094,Baltimore Gas & Electric,White,2023-06-19 00:00:00,,36.36,,,34.54,py_1NMGBpKpjOcDqduzN9xcZ1FE,2023-06-23 20:02:42.506
21915801.0,2635099.0,2633219.0,2002303094,Baltimore Gas & Electric,White,2023-07-19 00:00:00,,26.25,,,24.94,py_1NX8W6KpjOcDqduzN6Z92m6B,2023-07-23 20:04:35.682
21915798.0,2636420.0,2635464.0,6834806368,Baltimore Gas & Electric,White,2023-07-18 00:00:00,,137.79,,,130.9,py_1NXVEhKpjOcDqduz0FFPkxcS,2023-07-24 20:20:08.168
21548203.0,2636420.0,2635464.0,6834806368,Baltimore Gas & Electric,White,2023-06-16 00:00:00,,117.99000000000001,,,112.09,py_1NNLd3KpjOcDqduzgyIzJRsa,2023-06-26 20:03:19.027
21572537.0,992039.0,991705.0,7482953841,Baltimore Gas & Electric,White,2023-06-21 00:00:00,,62.14,,,59.03,py_1NNLhdKpjOcDqduzABJ0M8xt,2023-06-26 20:08:03.026
21956407.0,992039.0,991705.0,7482953841,Baltimore Gas & Electric,White,2023-07-21 00:00:00,,95.28,,,90.52,py_1NYDuzKpjOcDqduzuCH21eLr,2023-07-26 20:02:46.391
21894981.0,1030967.0,1030633.0,9030336379,Baltimore Gas & Electric,White,2023-07-18 00:00:00,,116.3,,,110.49000000000001,py_1NWm2xKpjOcDqduzvMWX3mS8,2023-07-22 20:05:00.009
21534159.0,1030967.0,1030633.0,9030336379,Baltimore Gas & Electric,White,2023-06-16 00:00:00,,148.83,,,141.39000000000001,py_1NLAl3KpjOcDqduzBwEJOkze,2023-06-20 20:02:34.573
21639415.0,1289444.0,1289127.0,9477748775,Baltimore Gas & Electric,White,2023-06-27 00:00:00,,55.72,,,52.93,py_1NQbt1KpjOcDqduzwE519tP0,2023-07-05 20:01:16.539
21639415.0,1289444.0,1289127.0,9477748775,Baltimore Gas & Electric,White,2023-06-27 00:00:00,,55.72,,,52.93,py_1NQbt1KpjOcDqduzwE519tP0,2023-07-05 20:01:16.539
21639415.0,1289444.0,1289127.0,9477748775,Baltimore Gas & Electric,White,2023-06-27 00:00:00,,55.72,,,52.93,,
21639415.0,1289444.0,1289127.0,9477748775,Baltimore Gas & Electric,White,2023-06-27 00:00:00,,55.72,,,52.93,,
22032505.0,1289444.0,1289127.0,9477748775,Baltimore Gas & Electric,White,2023-07-27 00:00:00,,98.66,,,93.73,py_1NaOpuKpjOcDqduzZMWcjX4s,2023-08-01 20:06:31.182
21572556.0,1034949.0,1034615.0,2145686708,Baltimore Gas & Electric,White,2023-06-21 00:00:00,,90.47,,,85.95,py_1NMz89KpjOcDqduzfx8koUws,2023-06-25 20:01:54.481
21956406.0,1034949.0,1034615.0,2145686708,Baltimore Gas & Electric,White,2023-07-21 00:00:00,,103.83,,,98.64,py_1Na2JyKpjOcDqduz9KhHDa9p,2023-07-31 20:04:02.843
22032540.0,1322930.0,1322613.0,6812443763,Baltimore Gas & Electric,White,2023-07-27 00:00:00,,259.62,,,246.64000000000001,py_1NaOqCKpjOcDqduzfWcwqvG8,2023-08-01 20:06:49.909
21639497.0,1322930.0,1322613.0,6812443763,Baltimore Gas & Electric,White,2023-06-27 00:00:00,,179.05,,,170.1,py_1NPt80KpjOcDqduzwdRACmbl,2023-07-03 20:13:45.249
21895063.0,2074924.0,2072966.0,4071957917,Baltimore Gas & Electric,White,2023-07-18 00:00:00,,98.05,,,93.15,py_1NWm2fKpjOcDqduzb9S0ulxu,2023-07-22 20:04:42.545
21534258.0,2074924.0,2072966.0,4071957917,Baltimore Gas & Electric,White,2023-06-16 00:00:00,,90.38,,,85.86,py_1NLAkuKpjOcDqduzKZrPWQzF,2023-06-20 20:02:25.068
22074073.0,1291119.0,1290802.0,7992443383,Baltimore Gas & Electric,White,2023-07-26 00:00:00,,202.49,,,192.37,py_1Nf6w6KpjOcDqduzI5gfsiUS,2023-08-14 20:00:23.87
21701896.0,1291119.0,1290802.0,7992443383,Baltimore Gas & Electric,White,2023-06-26 00:00:00,,146.67000000000002,,,139.34,py_1NSQGDKpjOcDqduzpbcG6Odo,2023-07-10 20:00:41.993
22046453.0,1299137.0,1298820.0,0381561000,Baltimore Gas & Electric,White,2023-07-27 00:00:00,,132.55,,,125.92,py_1NcZc7KpjOcDqduzR6EnqjOo,2023-08-07 20:01:16.402
21701859.0,1299137.0,1298820.0,0381561000,Baltimore Gas & Electric,White,2023-06-27 00:00:00,,119.12,,,113.16,py_1NSQGXKpjOcDqduzM6Uqrxf7,2023-07-10 20:01:01.93
21639449.0,844912.0,844575.0,6969941000,Baltimore Gas & Electric,White,2023-06-27 00:00:00,,73.65,,,69.97,py_1NRENgKpjOcDqduzx3RhnHn9,2023-07-07 13:07:29.657
22032433.0,844912.0,844575.0,6969941000,Baltimore Gas & Electric,White,2023-07-27 00:00:00,,109.10000000000001,,,103.65,py_1NbObzKpjOcDqduzYkCGu5rO,2023-08-04 14:04:16.373
21572634.0,1318615.0,1318298.0,1309230000,Baltimore Gas & Electric,White,2023-06-21 00:00:00,,80.09,,,76.09,py_1NNLhfKpjOcDqduz2SU3hnPN,2023-06-26 20:08:04.826
21956448.0,1318615.0,1318298.0,1309230000,Baltimore Gas & Electric,White,2023-07-21 00:00:00,,116.91,,,111.06,py_1Na2JaKpjOcDqduzjS9YaDaw,2023-07-31 20:03:39.481
21556537.0,1292160.0,1291843.0,1844714910,Baltimore Gas & Electric,White,2023-06-20 00:00:00,,46.18,,,43.87,py_1NMcetKpjOcDqduzLdjkmntC,2023-06-24 20:02:13.009
21943900.0,1292160.0,1291843.0,1844714910,Baltimore Gas & Electric,White,2023-07-20 00:00:00,,62.45,,,59.33,py_1NYwunKpjOcDqduzthlCgKaj,2023-07-28 20:05:34.567
21986211.0,1291844.0,1291527.0,2044001000,Baltimore Gas & Electric,White,2023-07-21 00:00:00,,150.91,,,143.36,py_1Na2X2KpjOcDqduzxenqDxjT,2023-07-31 20:17:33.272
21609735.0,1291844.0,1291527.0,2044001000,Baltimore Gas & Electric,White,2023-06-21 00:00:00,,190.95000000000002,,,181.4,py_1NO4YTKpjOcDqduzYHqxkMJT,2023-06-28 20:01:34.374
21956430.0,1293892.0,1293575.0,1623300000,Baltimore Gas & Electric,White,2023-07-21 00:00:00,,151.86,,,144.27,py_1NYDuwKpjOcDqduz3Ouw226m,2023-07-26 20:02:43.63
21572590.0,1293892.0,1293575.0,1623300000,Baltimore Gas & Electric,White,2023-06-21 00:00:00,,125.45,,,119.18,py_1NNi4AKpjOcDqduzEyjU8dUW,2023-06-27 20:00:47.175
21572590.0,1293892.0,1293575.0,1623300000,Baltimore Gas & Electric,White,2023-06-21 00:00:00,,125.45,,,119.18,py_1NNi4AKpjOcDqduzEyjU8dUW,2023-06-27 20:00:47.175
21572590.0,1293892.0,1293575.0,1623300000,Baltimore Gas & Electric,White,2023-06-21 00:00:00,,125.45,,,119.18,,
21572590.0,1293892.0,1293575.0,1623300000,Baltimore Gas & Electric,White,2023-06-21 00:00:00,,125.45,,,119.18,,
21639400.0,991350.0,991016.0,6049452893,Baltimore Gas & Electric,White,2023-06-27 00:00:00,,76.11,,,72.3,py_1NPt7TKpjOcDqduzVTadpZPB,2023-07-03 20:13:13.053
22032469.0,991350.0,991016.0,6049452893,Baltimore Gas & Electric,White,2023-07-27 00:00:00,,117.07000000000001,,,111.22,py_1NaOpiKpjOcDqduzBkjsQjxH,2023-08-01 20:06:19.262
21655605.0,2125837.0,2123921.0,5126644292,Baltimore Gas & Electric,White,2023-06-27 00:00:00,,139.62,,,132.64000000000001,py_1NPt9qKpjOcDqduzdur2AldC,2023-07-03 20:15:39.666
22046490.0,2125837.0,2123921.0,5126644292,Baltimore Gas & Electric,White,2023-07-27 00:00:00,,200.86,,,190.82,py_1NalGsKpjOcDqduzWCLRavZH,2023-08-02 20:03:51.095
21547959.0,1294759.0,1294442.0,6453220000,Baltimore Gas & Electric,White,2023-06-16 00:00:00,,151.59,,,144.01,py_1NNLcPKpjOcDqduzx0qyw8Dx,2023-06-26 20:02:38.194
21915304.0,1294759.0,1294442.0,6453220000,Baltimore Gas & Electric,White,2023-07-18 00:00:00,,126.12,,,119.81,py_1NYwsnKpjOcDqduzpeNttGId,2023-07-28 20:03:30.58
21915304.0,1294759.0,1294442.0,6453220000,Baltimore Gas & Electric,White,2023-07-18 00:00:00,,126.12,,,119.81,py_1NYwsnKpjOcDqduzpeNttGId,2023-07-28 20:03:30.58
21915304.0,1294759.0,1294442.0,6453220000,Baltimore Gas & Electric,White,2023-07-18 00:00:00,,126.12,,,119.81,,
21915304.0,1294759.0,1294442.0,6453220000,Baltimore Gas & Electric,White,2023-07-18 00:00:00,,126.12,,,119.81,,
21547962.0,1304459.0,1304142.0,7656898011,Baltimore Gas & Electric,White,2023-06-19 00:00:00,,37.92,,,36.02,py_1NOKOyKpjOcDqduzy4cxnQ9J,2023-06-29 12:56:49.09
21915314.0,1304459.0,1304142.0,7656898011,Baltimore Gas & Electric,White,2023-07-19 00:00:00,,71.08,,,67.53,py_1NYTvCKpjOcDqduz3uow31NN,2023-07-27 13:08:03.875
21944165.0,2499251.0,2387775.0,4712415181,Baltimore Gas & Electric,White,2023-07-20 00:00:00,,66.91,,,63.56,py_1NXrWNKpjOcDqduzHqX9NVtj,2023-07-25 20:07:52.524
21556700.0,2499251.0,2387775.0,4712415181,Baltimore Gas & Electric,White,2023-06-20 00:00:00,,60.92,,,57.870000000000005,py_1NNLfbKpjOcDqduz2HmNcTx3,2023-06-26 20:05:56.473
21986212.0,1321268.0,1320951.0,5849244259,Baltimore Gas & Electric,White,2023-07-25 00:00:00,,74.55,,,70.82000000000001,py_1Na2XYKpjOcDqduzxXPrwB69,2023-07-31 20:18:05.712
21611975.0,1321268.0,1320951.0,5849244259,Baltimore Gas & Electric,White,2023-06-23 00:00:00,,57.76,,,54.870000000000005,py_1NOnXiKpjOcDqduzuZymekxF,2023-06-30 20:03:47.433
21556551.0,1334165.0,1333848.0,2540847933,Baltimore Gas & Electric,White,2023-06-20 00:00:00,,48.800000000000004,,,46.36,py_1NOJuwKpjOcDqduzzLSUsUPj,2023-06-29 12:25:47.253
21943894.0,1334165.0,1333848.0,2540847933,Baltimore Gas & Electric,White,2023-07-20 00:00:00,,71.5,,,67.93,py_1NYqUGKpjOcDqduzPpa5uIt2,2023-07-28 13:13:45.674
22308652.0,1304275.0,1303958.0,3767578270,Baltimore Gas & Electric,White,2023-08-15 00:00:00,,57.7,,,54.82,,
21915322.0,1304275.0,1303958.0,3767578270,Baltimore Gas & Electric,White,2023-07-19 00:00:00,,52.78,,,50.14,py_1NXVEbKpjOcDqduzbzWiJraA,2023-07-24 20:20:02.012
21547972.0,1304275.0,1303958.0,3767578270,Baltimore Gas & Electric,White,2023-06-19 00:00:00,,26.7,,,25.37,py_1NNLcSKpjOcDqduzs8Qyr0bk,2023-06-26 20:02:42.029
22032503.0,1289455.0,1289138.0,9417325899,Baltimore Gas & Electric,White,2023-07-27 00:00:00,,133.34,,,126.67,py_1NaOq2KpjOcDqduz2oYlbgTi,2023-08-01 20:06:39.609
21639439.0,1289455.0,1289138.0,9417325899,Baltimore Gas & Electric,White,2023-06-27 00:00:00,,87.92,,,83.52,py_1NPt7JKpjOcDqduzGOwJiG7n,2023-07-03 20:13:02.953
21956440.0,1318108.0,1317791.0,4015131000,Baltimore Gas & Electric,White,2023-07-21 00:00:00,,111.55,,,105.97,py_1NYDuzKpjOcDqduzFrG5z9Lv,2023-07-26 20:02:46.686
21596007.0,1318108.0,1317791.0,4015131000,Baltimore Gas & Electric,White,2023-06-21 00:00:00,,101.43,,,96.36,py_1NNi5WKpjOcDqduzY4ZySUIK,2023-06-27 20:02:11.723
21547955.0,1288003.0,1287686.0,7769092993,Baltimore Gas & Electric,White,2023-06-16 00:00:00,,65.21000000000001,,,61.95,py_1NMGBhKpjOcDqduzSeaIyky5,2023-06-23 20:02:35.378
21915306.0,1288003.0,1287686.0,7769092993,Baltimore Gas & Electric,White,2023-07-18 00:00:00,,68.13,,,64.72,py_1NYwsJKpjOcDqduzw4AYlZ8L,2023-07-28 20:03:00.149
21915306.0,1288003.0,1287686.0,7769092993,Baltimore Gas & Electric,White,2023-07-18 00:00:00,,68.13,,,64.72,py_1NYwsJKpjOcDqduzw4AYlZ8L,2023-07-28 20:03:00.149
21915306.0,1288003.0,1287686.0,7769092993,Baltimore Gas & Electric,White,2023-07-18 00:00:00,,68.13,,,64.72,,
21915306.0,1288003.0,1287686.0,7769092993,Baltimore Gas & Electric,White,2023-07-18 00:00:00,,68.13,,,64.72,,
21611924.0,834267.0,833939.0,0904026499,Baltimore Gas & Electric,White,2023-06-23 00:00:00,,119.68,,,113.7,py_1NPlfpKpjOcDqduzteV5GwaM,2023-07-03 12:16:10.874
21986160.0,834267.0,833939.0,0904026499,Baltimore Gas & Electric,White,2023-07-25 00:00:00,,129.51,,,123.03,py_1Nb2HIKpjOcDqduzmg6sUdLj,2023-08-03 14:13:25.784
22032548.0,1338303.0,1337986.0,4269917636,Baltimore Gas & Electric,White,2023-07-27 00:00:00,,265.91,,,252.61,py_1Na2OzKpjOcDqduzmggl7LD4,2023-07-31 20:09:14.605
21639490.0,1338303.0,1337986.0,4269917636,Baltimore Gas & Electric,White,2023-06-27 00:00:00,,249.18,,,236.72,py_1NPA3MKpjOcDqduzWZZ44f9q,2023-07-01 20:05:57.255
22004509.0,1302908.0,1302591.0,9611990000,Baltimore Gas & Electric,White,2023-07-26 00:00:00,,439.45,,,417.48,py_1Na2cnKpjOcDqduzaPt2PIq7,2023-07-31 20:23:31.183
21635895.0,1302908.0,1302591.0,9611990000,Baltimore Gas & Electric,White,2023-06-26 00:00:00,,183.51,,,174.33,py_1NPt7DKpjOcDqduzbA8tKR3T,2023-07-03 20:12:56.195
21962889.0,1996617.0,1994727.0,1905531000,Baltimore Gas & Electric,White,2023-07-20 00:00:00,,203.15,,,192.99,py_1NYDuQKpjOcDqduzihQu64Qi,2023-07-26 20:02:11.683
21590750.0,1996617.0,1994727.0,1905531000,Baltimore Gas & Electric,White,2023-06-20 00:00:00,,177.07,,,168.22,py_1NNLbtKpjOcDqduzUekhpFUu,2023-06-26 20:02:06.641
21956415.0,1217629.0,1217314.0,9104271158,Baltimore Gas & Electric,White,2023-07-21 00:00:00,,100.19,,,95.18,py_1NYDvEKpjOcDqduzkQNw1Hl8,2023-07-26 20:03:01.544
21572584.0,1217629.0,1217314.0,9104271158,Baltimore Gas & Electric,White,2023-06-21 00:00:00,,67.51,,,64.13,py_1NNLhxKpjOcDqduzPSbh1Ey8,2023-06-26 20:08:22.303
21915323.0,1311620.0,1311303.0,3539369089,Baltimore Gas & Electric,White,2023-07-19 00:00:00,,158.81,,,150.87,py_1NXVEAKpjOcDqduzisTg9eqk,2023-07-24 20:19:35.243
21547968.0,1311620.0,1311303.0,3539369089,Baltimore Gas & Electric,White,2023-06-19 00:00:00,,142.39000000000001,,,135.27,py_1NNLcoKpjOcDqduzbJs6YQS4,2023-06-26 20:03:03.851
21572596.0,1291451.0,1291134.0,7821481000,Baltimore Gas & Electric,White,2023-06-21 00:00:00,,39.59,,,37.61,py_1NNLhoKpjOcDqduzblMjad2A,2023-06-26 20:08:13.92
21956439.0,1291451.0,1291134.0,7821481000,Baltimore Gas & Electric,White,2023-07-21 00:00:00,,46.19,,,43.88,py_1NYDvEKpjOcDqduzTn6bpOdb,2023-07-26 20:03:01.543
21943882.0,1010763.0,1010429.0,4411072624,Baltimore Gas & Electric,White,2023-07-19 00:00:00,,65.62,,,62.34,py_1NXrWBKpjOcDqduzeGcyGNWL,2023-07-25 20:07:40.705
21547938.0,1010763.0,1010429.0,4411072624,Baltimore Gas & Electric,White,2023-06-19 00:00:00,,37.56,,,35.68,py_1NNLclKpjOcDqduzceoi3mv9,2023-06-26 20:03:00.479
21534167.0,1015556.0,1015222.0,3570100028,Baltimore Gas & Electric,White,2023-06-16 00:00:00,,163.56,,,155.38,py_1NLAkrKpjOcDqduzK4PO3ZgT,2023-06-20 20:02:23.009
21912789.0,1015556.0,1015222.0,3570100028,Baltimore Gas & Electric,White,2023-07-18 00:00:00,,170.32,,,161.8,py_1NX8VHKpjOcDqduzR0N9yon3,2023-07-23 20:03:44.223
21894998.0,1217530.0,1217215.0,8518400000,Baltimore Gas & Electric,White,2023-07-18 00:00:00,,224.33,,,213.11,py_1NWm23KpjOcDqduzb2brhG0k,2023-07-22 20:04:04.602
21534172.0,1217530.0,1217215.0,8518400000,Baltimore Gas & Electric,White,2023-06-16 00:00:00,,206.99,,,196.64000000000001,py_1NLAl9KpjOcDqduzeicDb1Jp,2023-06-20 20:02:40.055
21943853.0,950989.0,950654.0,8326948835,Baltimore Gas & Electric,White,2023-07-20 00:00:00,,20.1,,,19.1,py_1NYwuQKpjOcDqduzyU1bCqUR,2023-07-28 20:05:11.57
21556504.0,950989.0,950654.0,8326948835,Baltimore Gas & Electric,White,2023-06-20 00:00:00,,17.19,,,16.330000000000002,py_1NNLfdKpjOcDqduz4x8avBuh,2023-06-26 20:05:58.106
22004498.0,895387.0,895050.0,4570099401,Baltimore Gas & Electric,White,2023-07-26 00:00:00,,54.02,,,51.32,py_1NaOkyKpjOcDqduzMwLd7tnG,2023-08-01 20:01:25.584
21635782.0,895387.0,895050.0,4570099401,Baltimore Gas & Electric,White,2023-06-26 00:00:00,,63.24,,,60.08,py_1NPA0cKpjOcDqduzLrVsVTmI,2023-07-01 20:03:07.581
21611972.0,1312237.0,1311920.0,3362571000,Baltimore Gas & Electric,White,2023-06-23 00:00:00,,226.31,,,214.99,py_1NNi5pKpjOcDqduzE2Rmdh4e,2023-06-27 20:02:30.331
21986218.0,1312237.0,1311920.0,3362571000,Baltimore Gas & Electric,White,2023-07-25 00:00:00,,261.62,,,248.54,py_1NZfoFKpjOcDqduz6dDTknqo,2023-07-30 20:01:48.555
21572488.0,662290.0,661983.0,5487819520,Baltimore Gas & Electric,White,2023-06-21 00:00:00,,100.5,,,95.48,py_1NNLhqKpjOcDqduzEixcPoiX,2023-06-26 20:08:15.515
21956374.0,662290.0,661983.0,5487819520,Baltimore Gas & Electric,White,2023-07-21 00:00:00,,91.3,,,86.74,py_1NYDvZKpjOcDqduz5mirNdmr,2023-07-26 20:03:22.444
21596881.0,880996.0,880659.0,9804151000,Baltimore Gas & Electric,White,2023-06-22 00:00:00,,198.85,,,188.91,py_1NNi5cKpjOcDqduzzpTRrvQe,2023-06-27 20:02:17.791
21986164.0,880996.0,880659.0,9804151000,Baltimore Gas & Electric,White,2023-07-24 00:00:00,,211.76,,,201.17000000000002,py_1Na2XWKpjOcDqduzhqtmF4Sm,2023-07-31 20:18:03.759
21986116.0,309087.0,249339.0,2597029167,Baltimore Gas & Electric,White,2023-07-24 00:00:00,,75.33,,,71.56,py_1NZJNGKpjOcDqduzymCEZRek,2023-07-29 20:04:27.039
21596802.0,309087.0,249339.0,2597029167,Baltimore Gas & Electric,White,2023-06-22 00:00:00,,81.94,,,77.84,py_1NNLcyKpjOcDqduzZRYe1RPf,2023-06-26 20:03:13.832
22046457.0,1323974.0,1323657.0,3711285716,Baltimore Gas & Electric,White,2023-07-27 00:00:00,,40.57,,,38.54,py_1NalGtKpjOcDqduzXBJpWPFF,2023-08-02 20:03:52.781
21655579.0,1323974.0,1323657.0,3711285716,Baltimore Gas & Electric,White,2023-06-27 00:00:00,,17.38,,,16.51,py_1NRKqIKpjOcDqduzLb7wXwBY,2023-07-07 20:01:27.028
21539214.0,2068843.0,2066889.0,8875627720,Baltimore Gas & Electric,White,2023-06-16 00:00:00,,54.01,,,51.31,py_1NLth0KpjOcDqduzTX6Q0slD,2023-06-22 20:01:23.701
21908936.0,2068843.0,2066889.0,8875627720,Baltimore Gas & Electric,White,2023-07-18 00:00:00,,75.33,,,71.56,py_1NXVEUKpjOcDqduzd4rLjIGB,2023-07-24 20:19:55.656
21986196.0,1316290.0,1315973.0,3255910000,Baltimore Gas & Electric,White,2023-07-24 00:00:00,,102.65,,,97.52,py_1Na2XVKpjOcDqduzTqDng1oz,2023-07-31 20:18:02.586
21611970.0,1316290.0,1315973.0,3255910000,Baltimore Gas & Electric,White,2023-06-22 00:00:00,,130.87,,,124.33,py_1NNi5nKpjOcDqduzUC7nDbBQ,2023-06-27 20:02:28.496
21655581.0,1270027.0,1269710.0,2789694182,Baltimore Gas & Electric,White,2023-06-27 00:00:00,,54.160000000000004,,,51.45,py_1NPt9nKpjOcDqduzPldpf5nd,2023-07-03 20:15:36.214
22046449.0,1270027.0,1269710.0,2789694182,Baltimore Gas & Electric,White,2023-07-27 00:00:00,,76.87,,,73.03,py_1NcZc0KpjOcDqduz0HgV33Zv,2023-08-07 20:01:09.81
21611981.0,1288578.0,1288261.0,6661970000,Baltimore Gas & Electric,White,2023-06-23 00:00:00,,112.79,,,107.15,py_1NOnXmKpjOcDqduzzWaWTFZi,2023-06-30 20:03:51.307
21999751.0,1288578.0,1288261.0,6661970000,Baltimore Gas & Electric,White,2023-07-25 00:00:00,,135.49,,,128.72,py_1Na2apKpjOcDqduzwc3K7HcX,2023-07-31 20:21:28.417
21956505.0,1676556.0,1676236.0,7564320000,Baltimore Gas & Electric,White,2023-07-18 00:00:00,,128.44,,,122.02,py_1NYDvcKpjOcDqduzXsb4nS24,2023-07-26 20:03:25.671
21572724.0,1676556.0,1676236.0,7564320000,Baltimore Gas & Electric,White,2023-06-16 00:00:00,,92.06,,,87.46000000000001,py_1NNLhiKpjOcDqduzkzD0u4VW,2023-06-26 20:08:07.599
21956365.0,34878.0,334502.0,8089421000,Baltimore Gas & Electric,White,2023-07-21 00:00:00,,221.77,,,210.68,py_1NZuynKpjOcDqduz1Knjmc6p,2023-07-31 12:13:42.67
21572471.0,34878.0,334502.0,8089421000,Baltimore Gas & Electric,White,2023-06-21 00:00:00,,230.5,,,218.98000000000002,py_1NOKD0KpjOcDqduz4cREqLzH,2023-06-29 12:44:27.07
21655576.0,1278415.0,1278098.0,3719201000,Baltimore Gas & Electric,White,2023-06-26 00:00:00,,62.45,,,59.33,py_1NPt9XKpjOcDqduz7nUgZN82,2023-07-03 20:15:20.041
22046452.0,1278415.0,1278098.0,3719201000,Baltimore Gas & Electric,White,2023-07-26 00:00:00,,79.18,,,75.22,py_1NalHRKpjOcDqduzhED35OmU,2023-08-02 20:04:26.453
21572598.0,1289002.0,1288685.0,4505781000,Baltimore Gas & Electric,White,2023-06-21 00:00:00,,79.17,,,75.21000000000001,py_1NNLhdKpjOcDqduzxBlaOGY1,2023-06-26 20:08:02.472
21956453.0,1289002.0,1288685.0,4505781000,Baltimore Gas & Electric,White,2023-07-21 00:00:00,,96.81,,,91.97,py_1NYDviKpjOcDqduzzEwIiCB9,2023-07-26 20:03:31.558
